Type,PlayerId,Team,Position,ControlArea,TotalControlArea,CenterControlArea,PenaltyAreaControl,Frames,label,date
Player,L. Schulz,Vendsyssel,GK,194598913.13991776,194598913.13991776,109142679.82186165,72433400.11264431,146317,Fredericia vs Vendsyssel,2024-07-27
Player,M. Lamhauge,Fredericia,GK,142122049.22655255,142122049.22655255,67720142.49514814,63861905.79221155,146317,Fredericia vs Vendsyssel,2024-07-27
Player,G. Mortensen,Vendsyssel,LB,54321051.831604145,54321051.831604145,48850185.72060752,2297920.00718356,113395,Fredericia vs Vendsyssel,2024-07-27
Player,A. Dahl,Fredericia,RB,52716445.067220986,52716445.067220986,43015600.524102375,4794094.368178387,135357,Fredericia vs Vendsyssel,2024-07-27
Player,O. Jebali,Vendsyssel,LCB,43234248.94430858,43234248.94430858,37938488.51472731,3631823.3316815374,146317,Fredericia vs Vendsyssel,2024-07-27
Player,M. Lassen,Vendsyssel,RB,41986060.723919675,41986060.723919675,36132655.02168582,2784625.688188236,146317,Fredericia vs Vendsyssel,2024-07-27
Player,F. Rieper,Fredericia,RCB,40185046.34195956,40185046.34195956,31863119.741897676,5651505.490176972,146317,Fredericia vs Vendsyssel,2024-07-27
Player,A. Mucolli,Fredericia,LW,34934618.364590004,34934618.364590004,29496649.241024856,2130364.85585786,134653,Fredericia vs Vendsyssel,2024-07-27
Player,J. Kudsk,Fredericia,LCB,33216893.578938738,33216893.578938738,26804952.302335598,4166091.3234279607,146317,Fredericia vs Vendsyssel,2024-07-27
Player,L. Jensen,Vendsyssel,RW,32920730.36413589,32920730.36413589,26428872.856117915,3118789.292103574,146317,Fredericia vs Vendsyssel,2024-07-27
Player,M. Greve,Vendsyssel,RCB,32240953.68392541,32240953.68392541,28400242.08484037,2517852.3789516836,116609,Fredericia vs Vendsyssel,2024-07-27
Player,J. Jessen,Fredericia,LB,30107554.587863326,30107554.587863326,25460846.78012341,2004596.854929452,146317,Fredericia vs Vendsyssel,2024-07-27
Player,M. Kaastrup,Vendsyssel,LW,18045782.704546917,18045782.704546917,16257365.93548286,887788.8541099223,91393,Fredericia vs Vendsyssel,2024-07-27
Player,A. Simon Okosun,Vendsyssel,RDM,17976738.58480366,17976738.58480366,15534587.463382803,1711727.3841879934,146317,Fredericia vs Vendsyssel,2024-07-27
Player,O. Ohlenschlaeger,Vendsyssel,LDM,17745718.020350836,17745718.020350836,16312026.492740702,929211.1375676473,146317,Fredericia vs Vendsyssel,2024-07-27
Player,M. Haarup,Vendsyssel,SUB,17643803.541052,17643803.541052,16443274.402290333,469124.8144266151,32552,Fredericia vs Vendsyssel,2024-07-27
Player,O. Buch,Fredericia,RW,16997737.445959564,16997737.445959564,15460214.702439412,819746.9037259272,71221,Fredericia vs Vendsyssel,2024-07-27
Player,A. Bondergaard,Fredericia,CF,16873840.134662278,16873840.134662278,13176865.573844446,2638571.5051177237,110427,Fredericia vs Vendsyssel,2024-07-27
Player,G. Marcussen,Fredericia,LCM,16560982.428404927,16560982.428404927,14089486.422517486,1340707.3418998078,146317,Fredericia vs Vendsyssel,2024-07-27
Player,W. Madsen,Fredericia,CDM,13671346.283584468,13671346.283584468,12119656.16259368,1090627.008172629,146317,Fredericia vs Vendsyssel,2024-07-27
Player,K. Kusk,Vendsyssel,CAM,12250311.556424003,12250311.556424003,10020901.830910234,725971.9989154054,113765,Fredericia vs Vendsyssel,2024-07-27
Player,L. Steffensen,Vendsyssel,ST,11945224.756241005,11945224.756241005,9271208.908521574,1915794.6281190875,91406,Fredericia vs Vendsyssel,2024-07-27
Player,D. Kristjansson,Fredericia,SUB,10746270.749315647,10746270.749315647,8434387.936229652,915901.7857063515,40241,Fredericia vs Vendsyssel,2024-07-27
Player,J. Lindekilde,Fredericia,RCM,10519025.212570963,10519025.212570963,8532196.82542794,1408249.6579515096,106076,Fredericia vs Vendsyssel,2024-07-27
Player,P. Egelund,Fredericia,SUB,9312269.522939038,9312269.522939038,8361424.7476186855,675020.414346383,75096,Fredericia vs Vendsyssel,2024-07-27
Player,E. Dall,Fredericia,SUB,9209896.805009766,9209896.805009766,8467134.416300567,314289.57185348397,35890,Fredericia vs Vendsyssel,2024-07-27
Player,F. Borsting,Vendsyssel,SUB,9175835.108644934,9175835.108644934,7886927.928315347,593299.7778449671,54911,Fredericia vs Vendsyssel,2024-07-27
Player,M. Hannesbo,Vendsyssel,SUB,8895374.585905634,8895374.585905634,7791509.1917395005,676137.5873772975,54924,Fredericia vs Vendsyssel,2024-07-27
Player,J. Brinch,Fredericia,SUB,3483227.3833524007,3483227.3833524007,3059860.503895775,152001.4836869224,10960,Fredericia vs Vendsyssel,2024-07-27
Player,V. Mpindi,Vendsyssel,SUB,3017511.4042571527,3017511.4042571527,2885960.9482981004,126638.19493451844,29708,Fredericia vs Vendsyssel,2024-07-27
Player,A. Ahmad,Vendsyssel,SUB,2965876.7489178986,2965876.7489178986,2417154.436626678,441309.41392077965,32922,Fredericia vs Vendsyssel,2024-07-27
Player,D. Thogersen,Fredericia,SUB,1239821.9687846776,1239821.9687846776,1127022.0405181975,94784.65103582742,11664,Fredericia vs Vendsyssel,2024-07-27
Team,None,Vendsyssel,None,nan,nan,2677.160149252205,322.6952875002855,None,Fredericia vs Vendsyssel,2024-07-27
Team,None,Fredericia,None,nan,nan,2167.824384152353,316.9899063914037,None,Fredericia vs Vendsyssel,2024-07-27
Player,M. Delac,Horsens,GK,158762157.12264112,158762157.12264112,74676907.13359338,71393716.8647345,142170,Horsens vs Fredericia,2024-07-21
Player,M. Lamhauge,Fredericia,GK,158526175.30757588,158526175.30757588,74130447.68625572,72413420.81316946,142170,Horsens vs Fredericia,2024-07-21
Player,A. Dahl,Fredericia,RB,58162534.837364,58162534.837364,51491926.51244348,2353720.294109381,142170,Horsens vs Fredericia,2024-07-21
Player,J. Madsen,Horsens,LB,46607302.30170629,46607302.30170629,40538304.84295494,2882650.238433846,142170,Horsens vs Fredericia,2024-07-21
Player,J. Jessen,Fredericia,LB,43612756.48202484,43612756.48202484,39002912.69069504,2024483.2640765754,122968,Horsens vs Fredericia,2024-07-21
Player,S. Reese,Horsens,LCB,43607214.16945325,43607214.16945325,36297810.096467175,4681439.000835409,142170,Horsens vs Fredericia,2024-07-21
Player,S. Hausner,Horsens,RCB,41135603.38777726,41135603.38777726,35604025.26637439,3191109.520623593,142170,Horsens vs Fredericia,2024-07-21
Player,F. Rieper,Fredericia,RCB,39817870.478977494,39817870.478977494,33326269.820380967,3751380.397693013,142170,Horsens vs Fredericia,2024-07-21
Player,J. Kudsk,Fredericia,LCB,34417784.75896696,34417784.75896696,29658487.604139883,3304240.996348928,142170,Horsens vs Fredericia,2024-07-21
Player,M. Kallesoe,Horsens,RB,31195469.060370702,31195469.060370702,28383739.681372046,868477.5788814775,91540,Horsens vs Fredericia,2024-07-21
Player,A. Mucolli,Fredericia,LW,27982463.197287403,27982463.197287403,24816339.40779836,1081369.4902743432,106954,Horsens vs Fredericia,2024-07-21
Player,O. Buch,Fredericia,RW,21833759.409163047,21833759.409163047,19192200.7431953,1311097.0974510205,106804,Horsens vs Fredericia,2024-07-21
Player,S. Pingel,Horsens,CAM,19437126.2939351,19437126.2939351,16598875.56722667,1634461.0105514626,142170,Horsens vs Fredericia,2024-07-21
Player,A. Bondergaard,Fredericia,CF,18613425.890440255,18613425.890440255,15801989.384337133,2032609.5801098556,142170,Horsens vs Fredericia,2024-07-21
Player,G. Marcussen,Fredericia,RCM,16971638.226927087,16971638.226927087,15965352.203972802,535740.763891718,136529,Horsens vs Fredericia,2024-07-21
Player,O. Kolskogen,Horsens,SUB,16581140.71804597,16581140.71804597,14607481.54136272,751599.2161502555,50630,Horsens vs Fredericia,2024-07-21
Player,F. Christensen,Horsens,CDM,14768992.344308846,14768992.344308846,13735681.258904058,803881.0952899265,142170,Horsens vs Fredericia,2024-07-21
Player,J. Lindekilde,Fredericia,LCM,14450416.136508696,14450416.136508696,12703059.229427164,1316688.64242379,123188,Horsens vs Fredericia,2024-07-21
Player,W. Madsen,Fredericia,CDM,13903696.673250705,13903696.673250705,12939445.286833819,583913.4713570537,142170,Horsens vs Fredericia,2024-07-21
Player,M. Larsen,Horsens,LM,13590095.203625083,13590095.203625083,12465977.978310646,588213.1787681867,116838,Horsens vs Fredericia,2024-07-21
Player,J. Ankersen,Horsens,CAM,12859211.264396407,12859211.264396407,10858381.789953494,913955.5186059139,101055,Horsens vs Fredericia,2024-07-21
Player,M. Egho,Horsens,ST,10269931.931098742,10269931.931098742,9206730.477394603,824742.41146338,91644,Horsens vs Fredericia,2024-07-21
Player,E. Dall,Fredericia,SUB,8854135.626793176,8854135.626793176,7623057.948148882,475909.9978121194,35216,Horsens vs Fredericia,2024-07-21
Player,A. Ekeroth,Horsens,SUB,8196914.91705522,8196914.91705522,7081216.2510716105,482259.3086306645,25332,Horsens vs Fredericia,2024-07-21
Player,M. Opondo,Horsens,RM,7717666.627841211,7717666.627841211,7093688.970685379,456691.52871637203,91319,Horsens vs Fredericia,2024-07-21
Player,P. Egelund,Fredericia,SUB,6775008.379174012,6775008.379174012,6419645.725769299,190473.5108835655,35366,Horsens vs Fredericia,2024-07-21
Player,J. Juelsgard,Fredericia,SUB,6604062.107135028,6604062.107135028,5248105.321816411,654040.5602479057,19202,Horsens vs Fredericia,2024-07-21
Player,M. Hyseni,Horsens,SUB,5249520.005697153,5249520.005697153,4112616.230508946,819500.1788091257,50526,Horsens vs Fredericia,2024-07-21
Player,E. Just,Horsens,SUB,5077835.216019415,5077835.216019415,4507798.101543007,186592.0191717156,41115,Horsens vs Fredericia,2024-07-21
Player,A. Herdonsson,Horsens,SUB,4503218.694076329,4503218.694076329,4214156.424558822,224389.35238698288,50851,Horsens vs Fredericia,2024-07-21
Player,D. Haarbo,Fredericia,SUB,1331960.197392274,1331960.197392274,1219808.9682057693,111651.92752883554,18982,Horsens vs Fredericia,2024-07-21
Player,D. Kristjansson,Fredericia,SUB,712077.381365192,712077.381365192,685732.1410195568,16164.686778868685,5641,Horsens vs Fredericia,2024-07-21
Team,None,Fredericia,None,nan,nan,2463.422527076374,325.0551795414214,None,Horsens vs Fredericia,2024-07-21
Team,None,Horsens,None,nan,nan,2250.7096547250776,314.2235508138631,None,Horsens vs Fredericia,2024-07-21
Player,F. Dukic,Hvidovre,GK,214856406.1003586,214856406.1003586,124460823.05815688,78171507.88214634,141438,Hvidovre vs HB Køge,2024-07-19
Player,B. Bayrak,HB Køge,GK,106367207.51711817,106367207.51711817,42467020.02593799,55720822.20759304,141438,Hvidovre vs HB Køge,2024-07-19
Player,A. Iljazovski,Hvidovre,LB,48451957.80612842,48451957.80612842,44443936.07891627,1633216.2425650025,116998,Hvidovre vs HB Køge,2024-07-19
Player,G. Culhaci,HB Køge,LB,39476432.5151233,39476432.5151233,30055512.58742383,4301923.73719386,141438,Hvidovre vs HB Køge,2024-07-19
Player,D. Stenderup,Hvidovre,LCB,38652187.47443214,38652187.47443214,35308928.50863029,2151193.717322692,141438,Hvidovre vs HB Køge,2024-07-19
Player,L. Qamili,Hvidovre,RW,38155412.68823063,38155412.68823063,31568885.15839696,3095624.4649165627,141438,Hvidovre vs HB Køge,2024-07-19
Player,M. Olsen,Hvidovre,RCB,36302375.531937584,36302375.531937584,32880111.67847002,1966806.8938306125,141438,Hvidovre vs HB Køge,2024-07-19
Player,M. Gudmann,HB Køge,RCB,35135955.392194904,35135955.392194904,25132977.491210736,6881252.690273871,141438,Hvidovre vs HB Køge,2024-07-19
Player,E. Villumsen,HB Køge,RB,33052173.68588956,33052173.68588956,27743909.433334205,2306554.7840022855,92334,Hvidovre vs HB Køge,2024-07-19
Player,M. Fredslund,Hvidovre,RB,32619448.242396493,32619448.242396493,29068713.15472072,1109498.5026811203,94801,Hvidovre vs HB Køge,2024-07-19
Player,A. Smed,Hvidovre,LW,30457056.78504251,30457056.78504251,24221543.774056695,2089172.8848761779,128369,Hvidovre vs HB Køge,2024-07-19
Player,J. Rothmann,HB Køge,LW,29212617.6157477,29212617.6157477,27320692.815682694,897437.3749715636,109956,Hvidovre vs HB Køge,2024-07-19
Player,H. Bonnesen,HB Køge,LCB,27118580.82828459,27118580.82828459,18664185.977027528,5590419.342230354,141438,Hvidovre vs HB Køge,2024-07-19
Player,J. Arias,HB Køge,RW,22428910.44278112,22428910.44278112,21285519.486560017,752246.7098218685,141438,Hvidovre vs HB Køge,2024-07-19
Player,M. Kaalund,Hvidovre,RCM,20059217.38038079,20059217.38038079,19709809.634811483,223713.15901904603,116683,Hvidovre vs HB Køge,2024-07-19
Player,M. Jensen,HB Køge,LCM,18867477.743513256,18867477.743513256,16791149.095755648,1143989.8650243036,141438,Hvidovre vs HB Køge,2024-07-19
Player,C. Jakobsen,Hvidovre,LCM,15960294.643347498,15960294.643347498,13706493.461362652,1294691.3075011862,141438,Hvidovre vs HB Køge,2024-07-19
Player,S. Larsen,HB Køge,SUB,15885073.812138313,15885073.812138313,12344775.392013296,1619973.0581254356,49104,Hvidovre vs HB Køge,2024-07-19
Player,S. Makienok,Hvidovre,CF,15647309.389729077,15647309.389729077,11766064.490289308,3069698.51817495,141438,Hvidovre vs HB Køge,2024-07-19
Player,M. Lysholm,Hvidovre,SUB,13605275.827090621,13605275.827090621,11926387.675052917,858341.2695707123,46898,Hvidovre vs HB Køge,2024-07-19
Player,C. Jensen,HB Køge,RCM,12638623.181906575,12638623.181906575,11552225.64083151,792107.6576548563,109832,Hvidovre vs HB Køge,2024-07-19
Player,I. Dorgu,HB Køge,CF,12448821.806064678,12448821.806064678,11052537.955946002,815136.042933082,109552,Hvidovre vs HB Køge,2024-07-19
Player,J. Adjei-Broni,Hvidovre,SUB,12159446.942329627,12159446.942329627,10552811.925197821,661709.1259194571,46637,Hvidovre vs HB Køge,2024-07-19
Player,M. Gehrt,Hvidovre,CDM,12094423.873459147,12094423.873459147,11104197.059488583,486539.65819399845,94540,Hvidovre vs HB Køge,2024-07-19
Player,M. Jakobsen,HB Køge,CDM,10858035.132945841,10858035.132945841,9366171.456251089,1395117.5264086348,124640,Hvidovre vs HB Køge,2024-07-19
Player,N. Clausen,Hvidovre,SUB,9584070.22869533,9584070.22869533,8582167.199363293,316231.46871356777,24440,Hvidovre vs HB Køge,2024-07-19
Player,S. Jalaei,HB Køge,SUB,8971818.264567522,8971818.264567522,8120082.482436654,398739.2099623024,31886,Hvidovre vs HB Køge,2024-07-19
Player,Y. Dhaflaoui,HB Køge,SUB,6881361.866439953,6881361.866439953,6430998.002611866,166168.73878791317,31606,Hvidovre vs HB Køge,2024-07-19
Player,M. Chacon,HB Køge,SUB,3123106.455357703,3123106.455357703,2698163.9690349777,310074.7518440436,31482,Hvidovre vs HB Køge,2024-07-19
Player,M. Andreasen,Hvidovre,SUB,2424654.73956013,2424654.73956013,1697194.5732288733,437638.33445109794,24755,Hvidovre vs HB Køge,2024-07-19
Player,M. Kiilerich,Hvidovre,SUB,2196707.0772383627,2196707.0772383627,2120113.710715937,69277.99586723594,13069,Hvidovre vs HB Køge,2024-07-19
Player,G. Larsen,HB Køge,SUB,1893245.6755143527,1893245.6755143527,1719791.4897722292,98988.99728331475,16798,Hvidovre vs HB Køge,2024-07-19
Team,None,Hvidovre,None,nan,nan,2920.842921568909,347.6711088359402,None,Hvidovre vs HB Køge,2024-07-19
Team,None,HB Køge,None,nan,nan,1928.3764851159779,285.3898313379487,None,Hvidovre vs HB Køge,2024-07-19
Player,M. Brylov,Roskilde,GK,153248670.82184747,153248670.82184747,71663449.20847966,69101524.51813759,142745,Vendsyssel vs Roskilde,2024-07-19
Player,L. Schulz,Vendsyssel,GK,149720145.9027553,149720145.9027553,67868401.24800597,69586220.50913483,142745,Vendsyssel vs Roskilde,2024-07-19
Player,O. Juul,Roskilde,LB,56399100.071629874,56399100.071629874,48523330.45883654,2997683.6485223165,142745,Vendsyssel vs Roskilde,2024-07-19
Player,G. Mortensen,Vendsyssel,LB,50507297.742422886,50507297.742422886,42845735.48850543,3364683.3918958683,132734,Vendsyssel vs Roskilde,2024-07-19
Player,M. Lassen,Vendsyssel,RB,46943463.713380255,46943463.713380255,41119953.06181897,2525698.4570513777,142745,Vendsyssel vs Roskilde,2024-07-19
Player,V. Montell,Roskilde,RCB,45378743.93478657,45378743.93478657,37540591.509859055,4563417.578401074,142745,Vendsyssel vs Roskilde,2024-07-19
Player,O. Skolnik,Roskilde,LCB,44469628.32560692,44469628.32560692,36692319.00468989,5204966.7362720035,142745,Vendsyssel vs Roskilde,2024-07-19
Player,Mikkel Juhl Aagaard Andersen,Roskilde,RB,42610519.48966532,42610519.48966532,36899636.621730044,2373079.027007521,116265,Vendsyssel vs Roskilde,2024-07-19
Player,O. Jebali,Vendsyssel,LCB,42517615.99433886,42517615.99433886,35107648.02432872,4970456.193762322,142745,Vendsyssel vs Roskilde,2024-07-19
Player,M. Greve,Vendsyssel,RCB,38797006.415345795,38797006.415345795,31775269.850627325,4231557.013934514,142745,Vendsyssel vs Roskilde,2024-07-19
Player,R. Arabaci,Roskilde,LW,29676439.744462095,29676439.744462095,27432007.350145947,981509.2706032457,142745,Vendsyssel vs Roskilde,2024-07-19
Player,L. Jensen,Vendsyssel,RW,28858250.526075985,28858250.526075985,23377965.293811616,2613149.1036612936,142745,Vendsyssel vs Roskilde,2024-07-19
Player,A. Maarup,Roskilde,RW,21828798.347220987,21828798.347220987,19760575.9470055,1169906.9314236522,142745,Vendsyssel vs Roskilde,2024-07-19
Player,S. Baskaya,Roskilde,ST,19467098.40630696,19467098.40630696,17265143.70038492,842151.5062042708,104192,Vendsyssel vs Roskilde,2024-07-19
Player,N. Halse,Roskilde,RDM,17990312.41657091,17990312.41657091,16418294.715146039,1135058.7244604097,142745,Vendsyssel vs Roskilde,2024-07-19
Player,M. Kaastrup,Vendsyssel,LW,16143711.250950528,16143711.250950528,13991045.347625772,1158495.4697760588,89640,Vendsyssel vs Roskilde,2024-07-19
Player,A. Simon Okosun,Vendsyssel,RDM,15358902.447530746,15358902.447530746,13979708.735723224,976521.8065673558,142745,Vendsyssel vs Roskilde,2024-07-19
Player,E. Nielsen,Roskilde,CAM,14828482.480376394,14828482.480376394,13422831.365096169,793922.875969178,104422,Vendsyssel vs Roskilde,2024-07-19
Player,K. Kusk,Vendsyssel,CAM,13392243.783786356,13392243.783786356,11920854.99664356,849940.5141264258,105117,Vendsyssel vs Roskilde,2024-07-19
Player,O. Ohlenschlaeger,Vendsyssel,LDM,13030877.090146879,13030877.090146879,12141610.476426436,586900.4415771496,105520,Vendsyssel vs Roskilde,2024-07-19
Player,K. Nyegaard,Roskilde,LDM,10939331.82537614,10939331.82537614,10190273.710235639,500761.07319649943,94176,Vendsyssel vs Roskilde,2024-07-19
Player,L. Steffensen,Vendsyssel,SUB,8913925.55255975,8913925.55255975,7451477.948535195,931879.4342906183,73588,Vendsyssel vs Roskilde,2024-07-19
Player,N. Vesterbaek,Roskilde,SUB,8827539.823406704,8827539.823406704,7402492.437223109,561826.7939917067,26480,Vendsyssel vs Roskilde,2024-07-19
Player,M. Hannesbo,Vendsyssel,SUB,8620205.31685977,8620205.31685977,7525607.667555487,439674.29319754866,37225,Vendsyssel vs Roskilde,2024-07-19
Player,A. Taranis,Roskilde,SUB,8574619.386585789,8574619.386585789,7484936.332720716,646269.8209266815,38553,Vendsyssel vs Roskilde,2024-07-19
Player,A. Ahmad,Vendsyssel,ST,7840285.538673328,7840285.538673328,6450650.876270632,1106927.665331552,69157,Vendsyssel vs Roskilde,2024-07-19
Player,F. Borsting,Vendsyssel,SUB,6810894.919751424,6810894.919751424,6259394.639874524,320147.68564336107,53105,Vendsyssel vs Roskilde,2024-07-19
Player,M. Winkel,Roskilde,SUB,6727108.37482624,6727108.37482624,6038091.788858308,313661.6343137293,38323,Vendsyssel vs Roskilde,2024-07-19
Player,N. Zachariassen,Roskilde,SUB,5872801.69242365,5872801.69242365,5468985.719239222,223996.76636579348,48569,Vendsyssel vs Roskilde,2024-07-19
Player,M. Haarup,Vendsyssel,SUB,5370974.473126491,5370974.473126491,5026866.793763831,123536.03737141783,10011,Vendsyssel vs Roskilde,2024-07-19
Player,V. Mpindi,Vendsyssel,SUB,4562239.978801741,4562239.978801741,4267587.450623931,244872.30713166457,37628,Vendsyssel vs Roskilde,2024-07-19
Team,None,Roskilde,None,nan,nan,2537.412587968989,331.00307046973563,None,Vendsyssel vs Roskilde,2024-07-19
Team,None,Vendsyssel,None,nan,nan,2319.589322919502,317.9398312647912,None,Vendsyssel vs Roskilde,2024-07-19
Player,V. Myhra,OB,GK,191254248.61212587,191254248.61212587,106216587.31037155,73175825.76918688,149450,Esbjerg vs OB,2024-07-20
Player,K. Kristensen,Esbjerg,GK,142967332.7759588,142967332.7759588,65339697.9285133,65308976.29679495,149450,Esbjerg vs OB,2024-07-20
Player,L. Owusu,OB,RB,64866345.77525511,64866345.77525511,59452455.01747909,2057297.3945860176,149450,Esbjerg vs OB,2024-07-20
Player,N. Mickelson,OB,LB,55472682.35353997,55472682.35353997,47603398.31121654,2878109.517276995,149450,Esbjerg vs OB,2024-07-20
Player,L. Montano,Esbjerg,LB,52517250.37726456,52517250.37726456,43235976.31766699,4370218.9220902,149450,Esbjerg vs OB,2024-07-20
Player,J. Mortensen,Esbjerg,RB,45547728.701218694,45547728.701218694,39316252.869202204,2378278.4894614243,122102,Esbjerg vs OB,2024-07-20
Player,Elias Sorensen,Esbjerg,LW,38821562.82597343,38821562.82597343,34153545.883019574,2175621.473283133,149450,Esbjerg vs OB,2024-07-20
Player,T. Stagaard,Esbjerg,LCB,37833359.584927045,37833359.584927045,29516662.427472826,5829292.628535164,149450,Esbjerg vs OB,2024-07-20
Player,A. Troelsen,Esbjerg,RCB,37367986.64983778,37367986.64983778,28422017.92889901,5999656.97906932,149450,Esbjerg vs OB,2024-07-20
Player,T. Slotsager,OB,LCB,33347286.671138227,33347286.671138227,28557409.811429996,3265655.4395943633,149450,Esbjerg vs OB,2024-07-20
Player,L. Deedson,OB,RW,32438858.781482026,32438858.781482026,26961990.79234924,2764869.085508513,149450,Esbjerg vs OB,2024-07-20
Player,B. Paulsen,OB,RCB,21019870.829178818,21019870.829178818,17593511.102538772,2316479.047906034,88998,Esbjerg vs OB,2024-07-20
Player,W. Martin,OB,LW,19423004.67370005,19423004.67370005,16931340.961613823,1423182.6856192183,89432,Esbjerg vs OB,2024-07-20
Player,A. Manneh,OB,CDM,19062336.026539523,19062336.026539523,17065710.299838763,852725.3203268293,149450,Esbjerg vs OB,2024-07-20
Player,L. From,Esbjerg,RW,18516308.325516727,18516308.325516727,16012661.484237017,1577845.8128558348,99762,Esbjerg vs OB,2024-07-20
Player,E. Holten,Esbjerg,ST,16105058.063011996,16105058.063011996,13610554.780496245,1750842.628567948,130409,Esbjerg vs OB,2024-07-20
Player,J. Bonde,OB,RCM,16023590.441656241,16023590.441656241,14765096.786131848,874277.0411274437,149450,Esbjerg vs OB,2024-07-20
Player,L. Kjerrumgaard,OB,CF,15799505.002244206,15799505.002244206,13231157.595913185,2112236.911980229,149450,Esbjerg vs OB,2024-07-20
Player,J. Gomez,OB,SUB,15412679.460552646,15412679.460552646,13252716.1051395,1267205.513830809,60452,Esbjerg vs OB,2024-07-20
Player,Y. Bourhane,Esbjerg,CAM,14892817.649078645,14892817.649078645,13399789.81848141,1124903.1982341595,149450,Esbjerg vs OB,2024-07-20
Player,A. Lausen,Esbjerg,RDM,14354935.957784936,14354935.957784936,12836606.06679194,569995.4117872173,122102,Esbjerg vs OB,2024-07-20
Player,P. Tjornelund,Esbjerg,SUB,12750920.051173022,12750920.051173022,11081017.24621558,659648.86021274,27348,Esbjerg vs OB,2024-07-20
Player,N. Strunck,Esbjerg,LDM,12166314.579367064,12166314.579367064,11027048.917509938,882565.5440489568,99953,Esbjerg vs OB,2024-07-20
Player,M. Jensen,OB,SUB,11620818.911609469,11620818.911609469,10040087.335259203,812786.4785244174,60018,Esbjerg vs OB,2024-07-20
Player,M. Maden,Esbjerg,SUB,8333136.071224739,8333136.071224739,7756316.456007498,472871.4410108467,49688,Esbjerg vs OB,2024-07-20
Player,M. Ejdum,OB,LCM,7325649.783999665,7325649.783999665,6241255.435782099,833695.7165204941,89453,Esbjerg vs OB,2024-07-20
Player,E. Andersen,Esbjerg,SUB,6615478.939683827,6615478.939683827,6157385.5512036905,249076.89277557874,27348,Esbjerg vs OB,2024-07-20
Player,G. Grubbe,OB,SUB,6492115.999030768,6492115.999030768,5375980.301902277,710075.815685479,59997,Esbjerg vs OB,2024-07-20
Player,B. Hvidt,Esbjerg,SUB,5255833.443544802,5255833.443544802,4558743.109332556,458754.7122225954,49497,Esbjerg vs OB,2024-07-20
Player,T. Freriks,Esbjerg,SUB,2941391.6293580434,2941391.6293580434,2626391.1869217306,220100.14850630466,19041,Esbjerg vs OB,2024-07-20
Team,None,OB,None,nan,nan,2564.6617408293837,310.7975013432332,None,Esbjerg vs OB,2024-07-20
Team,None,Esbjerg,None,nan,nan,2268.6561925189985,332.3089950235378,None,Esbjerg vs OB,2024-07-20
Player,A. Kappenberger,Hillerød,GK,184838738.32196116,184838738.32196116,89823855.67082062,79178194.29104616,148888,Hillerød vs Hobro,2024-07-21
Player,A. Sondergaard,Hobro,GK,130308559.60247621,130308559.60247621,50848283.33834125,67366460.60998964,148888,Hillerød vs Hobro,2024-07-21
Player,S. Sharif,Hillerød,RB,60207359.14468441,60207359.14468441,54629249.17259902,2205918.5798827456,148888,Hillerød vs Hobro,2024-07-21
Player,L. Boje-Larsen,Hillerød,LB,55467005.816680044,55467005.816680044,49730064.3291472,2328286.2493471187,148888,Hillerød vs Hobro,2024-07-21
Player,J. Witt,Hillerød,LCB,51511229.52834094,51511229.52834094,46400680.31205838,3112033.960601043,148888,Hillerød vs Hobro,2024-07-21
Player,L. Klitten,Hobro,LWB,48502209.55857486,48502209.55857486,41074208.32512154,3251554.557481038,148888,Hillerød vs Hobro,2024-07-21
Player,E. Sogaard,Hobro,RCB,47232721.353443496,47232721.353443496,36967797.906736836,5539270.746341571,148888,Hillerød vs Hobro,2024-07-21
Player,F. Dietz,Hobro,LCB,43181403.562801115,43181403.562801115,34456265.49275177,4197284.63806172,148888,Hillerød vs Hobro,2024-07-21
Player,O. Klitten,Hobro,RWB,37427506.62627733,37427506.62627733,30960473.781019602,2795433.713285107,134589,Hillerød vs Hobro,2024-07-21
Player,J. Boge,Hobro,CB,36589116.59507404,36589116.59507404,30383404.5608283,4541768.093256692,124231,Hillerød vs Hobro,2024-07-21
Player,A. Justinussen,Hillerød,LW,35420918.23269725,35420918.23269725,30706287.159669966,1685310.9204352289,148888,Hillerød vs Hobro,2024-07-21
Player,K. Enghardt,Hillerød,RCB,26027244.58363075,26027244.58363075,23378271.78149893,1503083.4109319367,72153,Hillerød vs Hobro,2024-07-21
Player,G. Arndal-Lauritzen,Hillerød,SUB,24893832.053833503,24893832.053833503,22912816.56323056,1239178.8758680806,76735,Hillerød vs Hobro,2024-07-21
Player,F. Mortensen,Hobro,CM,20385520.904617745,20385520.904617745,18132078.72611362,1479096.0554824541,124231,Hillerød vs Hobro,2024-07-21
Player,F. Christensen,Hobro,LF,19120055.66498232,19120055.66498232,17207173.842376422,1296840.9690848188,148888,Hillerød vs Hobro,2024-07-21
Player,T. Arndal,Hillerød,RW,18861772.989748042,18861772.989748042,15127033.550547536,1541670.2757766522,96307,Hillerød vs Hobro,2024-07-21
Player,M. Bruhn,Hillerød,ST,17002645.19415773,17002645.19415773,13700861.0569757,2722985.8173630587,148888,Hillerød vs Hobro,2024-07-21
Player,M. Due Grandt,Hillerød,RDM,16881668.232864507,16881668.232864507,16026843.926483182,609755.0381335478,133298,Hillerød vs Hobro,2024-07-21
Player,Mathias Kristensen,Hobro,LCM,16232616.461409992,16232616.461409992,14496381.58355311,944063.2041413509,148888,Hillerød vs Hobro,2024-07-21
Player,J. Cornelius,Hobro,RF,14381128.967274664,14381128.967274664,12476335.340652982,1337016.1107203672,95644,Hillerød vs Hobro,2024-07-21
Player,N. Schmidt,Hillerød,LDM,11093319.746757878,11093319.746757878,10189273.28601697,668558.396674619,96307,Hillerød vs Hobro,2024-07-21
Player,O. Overgaard,Hobro,RCM,10150193.847367058,10150193.847367058,9265161.31805698,547197.2709206045,95683,Hillerød vs Hobro,2024-07-21
Player,A. Alicino,Hillerød,SUB,8695861.650297558,8695861.650297558,7785702.994933586,557291.6682741109,63379,Hillerød vs Hobro,2024-07-21
Player,M. Bay,Hillerød,CAM,8613990.097159572,8613990.097159572,7865067.763390563,595924.4795444692,85509,Hillerød vs Hobro,2024-07-21
Player,S. Opoku,Hillerød,SUB,8405484.7300002,8405484.7300002,7089767.305703488,807542.7637706244,52581,Hillerød vs Hobro,2024-07-21
Player,M. Jacobsen,Hobro,SUB,7962680.681906801,7962680.681906801,6621041.99997511,695137.0863028399,24657,Hillerød vs Hobro,2024-07-21
Player,J. Sneftrup,Hobro,SUB,7617743.807066893,7617743.807066893,6383858.440717056,812632.990735255,53244,Hillerød vs Hobro,2024-07-21
Player,C. Horby,Hobro,SUB,6037004.912986498,6037004.912986498,5738999.011349166,193626.8007419475,53205,Hillerød vs Hobro,2024-07-21
Player,M. Etim,Hillerød,SUB,5212527.807779098,5212527.807779098,4745860.915326595,309986.60466740635,52581,Hillerød vs Hobro,2024-07-21
Player,R. Johansen,Hobro,SUB,3643513.982826983,3643513.982826983,3367162.7508638357,134289.01323201554,24657,Hillerød vs Hobro,2024-07-21
Player,O. Dorph,Hobro,SUB,2808693.590962386,2808693.590962386,2362871.377999274,338707.1544022966,14299,Hillerød vs Hobro,2024-07-21
Player,D. Bagou,Hillerød,SUB,2126279.338294939,2126279.338294939,1774605.7811129312,281680.6865309743,15590,Hillerød vs Hobro,2024-07-21
Team,None,Hillerød,None,nan,nan,2699.2520657775995,343.26750899618133,None,Hillerød vs Hobro,2024-07-21
Team,None,Hobro,None,nan,nan,2154.2468015989098,312.979796407065,None,Hillerød vs Hobro,2024-07-21
Player,V. Myhra,OB,GK,225432659.3550686,225432659.3550686,130788650.01737075,82509514.0519193,145863,HB Køge vs OB,2024-07-26
Player,B. Bayrak,HB Køge,GK,110121792.49493454,110121792.49493454,42316820.59273652,60063497.305624716,145863,HB Køge vs OB,2024-07-26
Player,L. Owusu,OB,RB,53964269.04589404,53964269.04589404,49912612.445517525,1346065.3380795296,145863,HB Køge vs OB,2024-07-26
Player,G. Culhaci,HB Køge,LB,50700524.31752578,50700524.31752578,38817056.798480876,4918306.915026455,145863,HB Køge vs OB,2024-07-26
Player,N. Mickelson,OB,LB,47336078.44073375,47336078.44073375,43087329.44230485,1122019.2070406468,111522,HB Køge vs OB,2024-07-26
Player,J. Gomez,OB,LCB,39283434.12143621,39283434.12143621,35318155.97858166,2340110.6890228153,145863,HB Køge vs OB,2024-07-26
Player,B. Paulsen,OB,RCB,39233427.72679167,39233427.72679167,36312035.97774875,1556999.422091458,145863,HB Køge vs OB,2024-07-26
Player,M. Gudmann,HB Køge,RCB,37083241.96697477,37083241.96697477,26413283.465575024,7318472.244111894,145863,HB Køge vs OB,2024-07-26
Player,S. Larsen,HB Køge,RB,33144279.01867773,33144279.01867773,24756702.198418114,2764648.332506543,100070,HB Køge vs OB,2024-07-26
Player,H. Bonnesen,HB Køge,LCB,29411037.24134156,29411037.24134156,19879414.240189314,6837976.550178629,145863,HB Køge vs OB,2024-07-26
Player,L. Deedson,OB,RW,29142349.7723629,29142349.7723629,24342727.01206104,2303773.107734699,130848,HB Køge vs OB,2024-07-26
Player,J. Rothmann,HB Køge,LW,26146905.85992151,26146905.85992151,25137558.022712354,330790.87870572484,70728,HB Køge vs OB,2024-07-26
Player,J. Arias,HB Køge,RW,23192926.281892054,23192926.281892054,21723148.71394209,1214225.2769811114,145863,HB Køge vs OB,2024-07-26
Player,M. Jensen,HB Køge,SUB,4863171.755376194,21292741.258421056,19408750.972145468,1080845.0412407927,179856,HB Køge vs OB,2024-07-26
Player,M. Jensen,HB Køge,LCM,16429569.503045084,21292741.258421056,19408750.972145468,1080845.0412407927,179856,HB Køge vs OB,2024-07-26
Player,A. Manneh,OB,CDM,18818211.844021503,18818211.844021503,17112575.446820546,512957.2281837982,145863,HB Køge vs OB,2024-07-26
Player,S. Jalaei,HB Køge,SUB,18510233.584094107,18510233.584094107,16912958.657596692,474835.38512406294,75135,HB Køge vs OB,2024-07-26
Player,E. Villumsen,HB Køge,SUB,17047738.450547934,17047738.450547934,14344682.332818173,1409223.9995861638,45793,HB Køge vs OB,2024-07-26
Player,M. Fenger,OB,LW,16347313.006113177,16347313.006113177,13897883.888650723,1440275.5723371836,111870,HB Køge vs OB,2024-07-26
Player,J. Bonde,OB,RCM,16074958.62811718,16074958.62811718,15285089.91210305,421177.1148533163,145863,HB Køge vs OB,2024-07-26
Player,G. Grubbe,OB,SUB,15458978.834068304,15458978.834068304,14485414.41856213,258130.62977920964,34341,HB Køge vs OB,2024-07-26
Player,M. Ejdum,OB,LCM,14923646.303600896,14923646.303600896,13580376.006700156,900777.5980701491,123248,HB Køge vs OB,2024-07-26
Player,L. Kjerrumgaard,OB,CF,13062904.810393319,13062904.810393319,10132714.47918828,2191224.123971351,145863,HB Køge vs OB,2024-07-26
Player,I. Dorgu,HB Køge,CF,13051028.378429888,13051028.378429888,12084201.969381355,652996.0991869374,114141,HB Køge vs OB,2024-07-26
Player,C. Jensen,HB Køge,RCM,10343318.17917617,10343318.17917617,9393507.155441446,574672.9818661199,70728,HB Køge vs OB,2024-07-26
Player,Y. Dhaflaoui,HB Køge,SUB,8905433.71659962,8905433.71659962,8642669.183029719,67462.15048135526,31722,HB Køge vs OB,2024-07-26
Player,M. Jakobsen,HB Køge,CDM,8430190.142678145,8430190.142678145,7832054.072293764,541633.2572827471,100067,HB Køge vs OB,2024-07-26
Player,G. Larsen,HB Køge,SUB,6983228.559780119,6983228.559780119,6058355.834733051,541786.2692395351,75135,HB Køge vs OB,2024-07-26
Player,M. Chacon,HB Køge,SUB,5656445.181843555,5656445.181843555,5292598.993482694,229445.36841229815,45796,HB Køge vs OB,2024-07-26
Player,W. Martin,OB,SUB,2785684.113051452,2785684.113051452,2608457.2804139713,83178.79380256527,22615,HB Køge vs OB,2024-07-26
Player,E. Hansborg-Sorensen,OB,SUB,2102857.494702189,2102857.494702189,1963961.2198560943,84380.66974750432,15015,HB Køge vs OB,2024-07-26
Team,None,OB,None,nan,nan,2831.374192057897,319.1334056813977,None,HB Køge vs OB,2024-07-26
Team,None,HB Køge,None,nan,nan,2021.4105904355895,318.45208623256457,None,HB Køge vs OB,2024-07-26
Player,A. Kappenberger,Hillerød,GK,188209028.2564689,188209028.2564689,92236724.11203305,82471788.4602746,147157,Horsens vs Hillerød,2024-07-26
Player,M. Delac,Horsens,GK,179508596.2202976,179508596.2202976,89256968.55945764,77405049.25554162,147157,Horsens vs Hillerød,2024-07-26
Player,L. Boje-Larsen,Hillerød,LB,62515069.723330855,62515069.723330855,57125882.22850701,2515094.414887034,147157,Horsens vs Hillerød,2024-07-26
Player,A. Ekeroth,Horsens,LB,53733115.02435277,53733115.02435277,48432984.52624012,2828465.535970161,147157,Horsens vs Hillerød,2024-07-26
Player,S. Sharif,Hillerød,RB,50359174.23960705,50359174.23960705,46207478.651407704,1713891.4274763004,121750,Horsens vs Hillerød,2024-07-26
Player,G. Arndal-Lauritzen,Hillerød,LCB,38063220.311127536,38063220.311127536,34136215.58068457,2272861.4218268013,147157,Horsens vs Hillerød,2024-07-26
Player,J. Witt,Hillerød,RCB,36164797.711351745,36164797.711351745,32686522.371687926,2147426.7901206957,147157,Horsens vs Hillerød,2024-07-26
Player,S. Hausner,Horsens,RCB,34299471.277675875,34299471.277675875,30063995.52321045,2550213.9503823984,147157,Horsens vs Hillerød,2024-07-26
Player,A. Justinussen,Hillerød,LW,31572505.27024392,31572505.27024392,28817947.77553133,646600.0627607009,147157,Horsens vs Hillerød,2024-07-26
Player,O. Kolskogen,Horsens,LCB,30489758.25023077,30489758.25023077,26151684.103163626,3078514.8707696535,110240,Horsens vs Hillerød,2024-07-26
Player,M. Kallesoe,Horsens,RB,28435807.42963987,28435807.42963987,26044831.77640621,791944.4088241137,110569,Horsens vs Hillerød,2024-07-26
Player,T. Arndal,Hillerød,RW,22922055.3627054,22922055.3627054,20400437.367867243,859663.7054530993,106464,Horsens vs Hillerød,2024-07-26
Player,J. Madsen,Horsens,LM,19044343.847209025,19044343.847209025,17499132.935426664,528935.005812728,147157,Horsens vs Hillerød,2024-07-26
Player,A. Herdonsson,Horsens,SUB,16405433.797448482,16405433.797448482,14539386.921258796,1040889.5868105023,36588,Horsens vs Hillerød,2024-07-26
Player,M. Due Grandt,Hillerød,RDM,16203856.207619438,16203856.207619438,14951866.667553354,848855.9143549711,147157,Horsens vs Hillerød,2024-07-26
Player,M. Larsen,Horsens,RM,13366431.634975376,13366431.634975376,12506236.136438135,322203.4745120062,120765,Horsens vs Hillerød,2024-07-26
Player,S. Pingel,Horsens,LF,12167482.349745246,12167482.349745246,10614094.071483243,690311.5163481637,147157,Horsens vs Hillerød,2024-07-26
Player,F. Christensen,Horsens,CDM,10891682.491985476,10891682.491985476,10258511.449180197,511992.25697074144,147157,Horsens vs Hillerød,2024-07-26
Player,C. Allen,Hillerød,SUB,8806830.32698989,8806830.32698989,7843433.923151225,431995.2686508006,25407,Horsens vs Hillerød,2024-07-26
Player,M. Egho,Horsens,RF,8316113.988126776,8316113.988126776,7462224.158915192,655780.093164149,110856,Horsens vs Hillerød,2024-07-26
Player,J. Ankersen,Horsens,CAM,8240240.342940615,8240240.342940615,7736150.912918966,175328.83135797223,96544,Horsens vs Hillerød,2024-07-26
Player,M. Bay,Hillerød,CAM,7742744.091980347,7742744.091980347,6935987.807828272,451236.7363272189,88878,Horsens vs Hillerød,2024-07-26
Player,M. Bruhn,Hillerød,ST,7483777.592249833,7483777.592249833,6691130.747264923,509819.7077639869,88805,Horsens vs Hillerød,2024-07-26
Player,N. Schmidt,Hillerød,LDM,7146474.707709664,7146474.707709664,6816110.58427167,244662.26846538993,106589,Horsens vs Hillerød,2024-07-26
Player,S. Opoku,Hillerød,SUB,6603230.642053822,6603230.642053822,6284300.703207755,90160.50749675508,58279,Horsens vs Hillerød,2024-07-26
Player,F. Roslyng,Horsens,SUB,5574503.492281936,5574503.492281936,4739791.473684272,529555.2658416849,36917,Horsens vs Hillerød,2024-07-26
Player,M. Etim,Hillerød,SUB,5419828.400935078,5419828.400935078,4886483.085500404,470356.3968558303,58352,Horsens vs Hillerød,2024-07-26
Player,K. Karikari,Horsens,SUB,5116877.785377249,5116877.785377249,4708657.794472066,242934.7846217901,36301,Horsens vs Hillerød,2024-07-26
Player,M. Hyseni,Horsens,SUB,4983773.292595966,4983773.292595966,4631327.264347368,147148.57075831623,50613,Horsens vs Hillerød,2024-07-26
Player,E. Just,Horsens,SUB,4852863.4936166415,4852863.4936166415,4344862.615539579,151168.1967442718,26392,Horsens vs Hillerød,2024-07-26
Player,D. Bagou,Hillerød,SUB,3819338.027602642,3819338.027602642,3349341.9313830524,323608.4300169355,40693,Horsens vs Hillerød,2024-07-26
Player,A. Alicino,Hillerød,SUB,3495219.1324961535,3495219.1324961535,3295137.43778302,99709.13076309029,40568,Horsens vs Hillerød,2024-07-26
Team,None,Hillerød,None,nan,nan,2532.4313554615246,316.4188360019697,None,Horsens vs Hillerød,2024-07-26
Team,None,Horsens,None,nan,nan,2167.69056329049,320.971783855002,None,Horsens vs Hillerød,2024-07-26
Player,F. Dukic,Hvidovre,GK,170606984.8685056,170606984.8685056,88838514.64489806,70633252.92189051,139931,Kolding vs Hvidovre,2024-07-26
Player,L. Moser,Kolding,GK,167184686.46075076,167184686.46075076,91652436.67024241,65863458.63932852,139931,Kolding vs Hvidovre,2024-07-26
Player,M. Lysholm,Hvidovre,LB,57349824.278283,57349824.278283,51942736.97906293,2544340.983768596,139931,Kolding vs Hvidovre,2024-07-26
Player,A. Smed,Hvidovre,LW,45441702.514111854,45441702.514111854,40040766.384657316,2414457.4386463617,139931,Kolding vs Hvidovre,2024-07-26
Player,A. Iljazovski,Hvidovre,RB,42060530.09044947,42060530.09044947,37330543.01019947,1891278.536364854,139931,Kolding vs Hvidovre,2024-07-26
Player,C. Vestergaard,Kolding,RCB,39742543.47734725,39742543.47734725,32662874.893552385,3829562.616415587,139931,Kolding vs Hvidovre,2024-07-26
Player,D. Stenderup,Hvidovre,LCB,35866085.90767535,35866085.90767535,31373749.449725434,3117426.004820626,139931,Kolding vs Hvidovre,2024-07-26
Player,M. Kiilerich,Hvidovre,RCB,35174836.830167376,35174836.830167376,28756208.692130882,3952813.7665365445,139931,Kolding vs Hvidovre,2024-07-26
Player,A. Norager,Kolding,LCB,35047432.43737979,35047432.43737979,28865232.868500926,2816259.4640187384,139931,Kolding vs Hvidovre,2024-07-26
Player,L. Qamili,Hvidovre,CF,29157447.128203884,29157447.128203884,25759423.172229838,1803523.8489897356,139931,Kolding vs Hvidovre,2024-07-26
Player,A. Njai,Kolding,LWB,26580826.27121682,26580826.27121682,23013604.094214097,1290983.4539880683,139931,Kolding vs Hvidovre,2024-07-26
Player,I. Tannander,Kolding,RWB,25703474.699038293,25703474.699038293,22660879.93970347,1726784.7381969776,93344,Kolding vs Hvidovre,2024-07-26
Player,A. Leifsson,Kolding,CB,23223168.264846586,23223168.264846586,18647006.55144781,3350709.4559168327,139931,Kolding vs Hvidovre,2024-07-26
Player,C. Jorgensen,Kolding,LAM,18598538.36655399,18598538.36655399,17070190.966643695,421977.80395516154,139931,Kolding vs Hvidovre,2024-07-26
Player,J. Adjei-Broni,Hvidovre,RW,17818951.829779454,17818951.829779454,16325167.826901123,492958.497985108,83721,Kolding vs Hvidovre,2024-07-26
Player,M. Vestergard,Kolding,RDM,15846252.974051816,15846252.974051816,14670077.873285662,587951.5802933396,139931,Kolding vs Hvidovre,2024-07-26
Player,V. Westh,Kolding,LDM,14981866.808975287,14981866.808975287,14341031.673627,437781.66446753155,139931,Kolding vs Hvidovre,2024-07-26
Player,C. Jakobsen,Hvidovre,CDM,14747251.08102001,14747251.08102001,13021970.444057532,980779.6606399933,139931,Kolding vs Hvidovre,2024-07-26
Player,S. Jalal,Kolding,SUB,14595987.283071259,14595987.283071259,12408838.988897597,1153699.0968123465,46587,Kolding vs Hvidovre,2024-07-26
Player,A. Beck,Kolding,RAM,14472367.721836355,14472367.721836355,13001499.057588967,610424.3258939887,93469,Kolding vs Hvidovre,2024-07-26
Player,J. Gemmer,Hvidovre,RCM,13395185.30342141,13395185.30342141,12547973.108212804,636906.457528168,101908,Kolding vs Hvidovre,2024-07-26
Player,M. Gehrt,Hvidovre,LCM,10534476.106667807,10534476.106667807,9908633.251751805,410323.94182950107,101802,Kolding vs Hvidovre,2024-07-26
Player,C. Palm,Kolding,ST,8658462.567675268,8658462.567675268,7518268.759961808,751526.9100246152,92953,Kolding vs Hvidovre,2024-07-26
Player,F. Hogh,Hvidovre,SUB,5854667.23650038,5854667.23650038,5212685.827586442,527521.7209209092,56210,Kolding vs Hvidovre,2024-07-26
Player,F. Moller,Kolding,SUB,5838181.750351443,5838181.750351443,5548254.317183691,172243.34978944878,46978,Kolding vs Hvidovre,2024-07-26
Player,S. Yateke,Kolding,SUB,5623073.6022294,5623073.6022294,5193762.036294398,222270.40573145074,46462,Kolding vs Hvidovre,2024-07-26
Player,M. Fredslund,Hvidovre,SUB,4316654.084362826,4316654.084362826,4017263.5342723094,116103.20836403458,38129,Kolding vs Hvidovre,2024-07-26
Player,M. Olsen,Hvidovre,SUB,3279874.5859258734,3279874.5859258734,3153207.749287592,93301.83495828314,38023,Kolding vs Hvidovre,2024-07-26
Team,None,Hvidovre,None,nan,nan,2631.502984148963,338.8214330965254,None,Kolding vs Hvidovre,2024-07-26
Team,None,Kolding,None,nan,nan,2195.753326218827,288.0147946958339,None,Kolding vs Hvidovre,2024-07-26
Player,A. Sondergaard,Hobro,GK,152590671.16763946,152590671.16763946,67307222.03422377,70524710.4662188,146816,Hobro vs Esbjerg,2024-07-26
Player,D. Gadegaard,Esbjerg,GK,139100939.86187127,139100939.86187127,68583411.83348112,59805789.004625864,146809,Hobro vs Esbjerg,2024-07-26
Player,J. Mortensen,Esbjerg,RB,62544266.505494244,62544266.505494244,50932521.884589575,6280531.4436880555,146816,Hobro vs Esbjerg,2024-07-26
Player,F. Dietz,Hobro,LCB,59070876.598667815,59070876.598667815,49985440.54340062,4784687.876409681,146816,Hobro vs Esbjerg,2024-07-26
Player,J. Boge,Hobro,CB,51327660.38619614,51327660.38619614,46295401.89060947,3712562.9408617625,118961,Hobro vs Esbjerg,2024-07-26
Player,E. Sogaard,Hobro,RCB,48057098.591532305,48057098.591532305,40727087.15581496,3099816.632977622,146822,Hobro vs Esbjerg,2024-07-26
Player,L. Klitten,Hobro,LWB,47241306.95807834,47241306.95807834,38849029.00146712,3311881.600879492,146816,Hobro vs Esbjerg,2024-07-26
Player,L. Montano,Esbjerg,LB,42049696.39466073,42049696.39466073,33521845.804533754,3754820.899020577,146816,Hobro vs Esbjerg,2024-07-26
Player,A. Troelsen,Esbjerg,RCB,37073801.194293894,37073801.194293894,29405535.614163347,5471809.988102169,146809,Hobro vs Esbjerg,2024-07-26
Player,T. Stagaard,Esbjerg,LCB,36644201.29094438,36644201.29094438,29316106.848646827,4147648.924585356,146809,Hobro vs Esbjerg,2024-07-26
Player,L. From,Esbjerg,RW,28156715.454944685,28156715.454944685,24113274.214028772,2340482.3489371943,130735,Hobro vs Esbjerg,2024-07-26
Player,O. Klitten,Hobro,RWB,25959142.685965832,25959142.685965832,21270621.08376264,2106444.152407993,102627,Hobro vs Esbjerg,2024-07-26
Player,Elias Sorensen,Esbjerg,LW,25219800.58220156,25219800.58220156,21606327.681208316,1694331.5898096529,130707,Hobro vs Esbjerg,2024-07-26
Player,E. Holten,Esbjerg,ST,23823654.39000706,23823654.39000706,20551657.150190763,2506721.161357,146809,Hobro vs Esbjerg,2024-07-26
Player,Mathias Kristensen,Hobro,LCM,23445093.559856325,23445093.559856325,19932291.704277318,1771833.6445546404,146822,Hobro vs Esbjerg,2024-07-26
Player,N. Strunck,Esbjerg,LDM,22820576.575378086,22820576.575378086,19317687.2196992,2318253.3544889833,146809,Hobro vs Esbjerg,2024-07-26
Player,F. Christensen,Hobro,LF,19351207.449954838,19351207.449954838,15479533.471235022,2963399.7065910413,146816,Hobro vs Esbjerg,2024-07-26
Player,J. Cornelius,Hobro,RF,17434995.906788114,17434995.906788114,15102479.135510266,1314395.2197670175,102984,Hobro vs Esbjerg,2024-07-26
Player,Y. Bourhane,Esbjerg,RDM,15299147.865753662,15299147.865753662,13560311.035981746,1217252.915482048,113850,Hobro vs Esbjerg,2024-07-26
Player,O. Overgaard,Hobro,RCM,14995344.826404596,14995344.826404596,13435273.75332782,827946.9490665854,88856,Hobro vs Esbjerg,2024-07-26
Player,A. Lausen,Esbjerg,CAM,12903217.699150588,12903217.699150588,11367776.333469639,667561.87113174,97225,Hobro vs Esbjerg,2024-07-26
Player,M. Jacobsen,Hobro,SUB,11132846.019153805,11132846.019153805,10222823.967440771,605761.4233626161,27861,Hobro vs Esbjerg,2024-07-26
Player,F. Mortensen,Hobro,CM,10859923.88384967,10859923.88384967,10045194.99340979,669592.9017300156,88656,Hobro vs Esbjerg,2024-07-26
Player,V. Rasmussen,Hobro,SUB,9632840.845624883,9632840.845624883,8253724.173050085,861208.9184466834,57960,Hobro vs Esbjerg,2024-07-26
Player,Theo Hansen,Hobro,SUB,8899607.865763526,8899607.865763526,8453845.548721487,418843.7041891253,58160,Hobro vs Esbjerg,2024-07-26
Player,M. Nielsen,Hobro,SUB,7952675.585767561,7952675.585767561,5641070.110195623,719904.5195257398,44195,Hobro vs Esbjerg,2024-07-26
Player,J. Sneftrup,Hobro,SUB,6155528.756960782,6155528.756960782,5083999.526842058,766194.1743682977,43832,Hobro vs Esbjerg,2024-07-26
Player,B. Hvidt,Esbjerg,SUB,5686716.247917449,5686716.247917449,4549380.514521842,808344.1182083044,49591,Hobro vs Esbjerg,2024-07-26
Player,M. Maden,Esbjerg,SUB,5057792.34431087,5057792.34431087,4576381.493591184,406041.9563029152,32959,Hobro vs Esbjerg,2024-07-26
Player,F. Flaskager,Esbjerg,SUB,3739243.9075438757,3739243.9075438757,2954010.373476246,489298.4423992473,16102,Hobro vs Esbjerg,2024-07-26
Player,E. Andersen,Esbjerg,SUB,2513706.2760094595,2513706.2760094595,1911099.7722639658,291162.64069536485,16081,Hobro vs Esbjerg,2024-07-26
Team,None,Hobro,None,nan,nan,2561.5033039551067,332.32389714025385,None,Hobro vs Esbjerg,2024-07-26
Team,None,Esbjerg,None,nan,nan,2290.306137866565,314.12690725172666,None,Hobro vs Esbjerg,2024-07-26
Player,L. Moser,Kolding,GK,162865198.57276532,162865198.57276532,85223454.4183066,68517291.84133643,146868,B 93 vs Kolding,2024-07-19
Player,M. Falkesgaard,B 93,GK,157430559.08527884,157430559.08527884,75321259.45906982,71655525.85287024,146868,B 93 vs Kolding,2024-07-19
Player,L. Henriksen,B 93,RB,59604294.2155885,59604294.2155885,52157820.8030189,3790359.023733257,146868,B 93 vs Kolding,2024-07-19
Player,A. Norager,Kolding,LCB,53097467.28907518,53097467.28907518,45482487.197417006,4518219.760367493,146868,B 93 vs Kolding,2024-07-19
Player,N. Mouritsen,B 93,LB,45958177.3812791,45958177.3812791,39013304.467386626,2747828.547336893,146868,B 93 vs Kolding,2024-07-19
Player,E. Christensen,B 93,LCB,42358139.42467089,42358139.42467089,36172867.65151133,4379814.791828068,146868,B 93 vs Kolding,2024-07-19
Player,J. Egeris,B 93,RCB,41805151.73130512,41805151.73130512,35705911.665760115,4120281.8941495325,146868,B 93 vs Kolding,2024-07-19
Player,J. Vetter,Kolding,RCB,41625990.72413302,41625990.72413302,34677186.72253125,4168042.687251974,146868,B 93 vs Kolding,2024-07-19
Player,A. Njai,Kolding,LWB,39299945.32694789,39299945.32694789,31147514.4767162,3520929.414533706,146868,B 93 vs Kolding,2024-07-19
Player,A. Leifsson,Kolding,CB,26076130.822951682,26076130.822951682,22211866.03788526,2974304.4329270883,146868,B 93 vs Kolding,2024-07-19
Player,O. Addo,B 93,LW,23181245.453775175,23181245.453775175,20380395.725266777,1182105.2053700485,125128,B 93 vs Kolding,2024-07-19
Player,S. Jalal,Kolding,RWB,20597945.39765327,20597945.39765327,17510651.282255463,1017776.319771196,69241,B 93 vs Kolding,2024-07-19
Player,N. Morberg,B 93,RCM,17907607.42840707,17907607.42840707,16126101.961085252,986864.862410833,108713,B 93 vs Kolding,2024-07-19
Player,M. Mouritz,B 93,LCM,16476116.058279678,16476116.058279678,14982249.011061927,814734.0394618376,143622,B 93 vs Kolding,2024-07-19
Player,C. Jorgensen,Kolding,CAM,16207508.086216912,16207508.086216912,13881779.119679479,1113090.94597981,143436,B 93 vs Kolding,2024-07-19
Player,M. Vestergard,Kolding,RDM,16136675.563113352,16136675.563113352,15533135.14185729,340691.7603311665,146868,B 93 vs Kolding,2024-07-19
Player,I. Tannander,Kolding,SUB,15983107.495309746,15983107.495309746,10519157.455897272,2348020.571166739,77627,B 93 vs Kolding,2024-07-19
Player,Emeka,B 93,CF,14786867.992412996,14786867.992412996,13176621.033937318,1154191.2908556897,146868,B 93 vs Kolding,2024-07-19
Player,F. Isaki,B 93,RW,13458566.20778133,13458566.20778133,11627061.551298952,1112618.6832870238,108667,B 93 vs Kolding,2024-07-19
Player,V. Westh,Kolding,LDM,13183797.341375621,13183797.341375621,12023018.794604024,730419.9297899195,97725,B 93 vs Kolding,2024-07-19
Player,M. Wohlgemuth,B 93,CDM,11389854.209217245,11389854.209217245,10124984.862784132,978601.1614752044,125085,B 93 vs Kolding,2024-07-19
Player,F. Moller,Kolding,RF,9737661.651236126,9737661.651236126,9427642.315799471,186586.46039021105,69241,B 93 vs Kolding,2024-07-19
Player,C. Palm,Kolding,SUB,7534021.3404048225,7534021.3404048225,6453104.908759313,703701.4650423116,77627,B 93 vs Kolding,2024-07-19
Player,A. Beck,Kolding,SUB,6711028.573392869,6711028.573392869,6329649.5036000665,184426.93349692677,49143,B 93 vs Kolding,2024-07-19
Player,P. Ngongo,Kolding,LF,6200438.608173212,6200438.608173212,4995423.233226436,921659.1969684138,64950,B 93 vs Kolding,2024-07-19
Player,S. Clemmensen,B 93,SUB,5779332.015421333,5779332.015421333,5506796.881669457,139631.35278944622,38201,B 93 vs Kolding,2024-07-19
Player,T. Blidegn,B 93,SUB,3544818.8827345707,3544818.8827345707,3263336.5393160726,197917.81642553405,38155,B 93 vs Kolding,2024-07-19
Player,M. Bottker,B 93,SUB,2294578.1161305183,2294578.1161305183,1986632.994252812,160487.98395453437,21740,B 93 vs Kolding,2024-07-19
Player,J. Mathys,B 93,SUB,1638586.0907420772,1638586.0907420772,1317422.5602493125,213206.2903030853,21783,B 93 vs Kolding,2024-07-19
Player,C. Enemark,Kolding,SUB,343211.89951064857,343211.89951064857,334655.17774451,4647.723251107274,3432,B 93 vs Kolding,2024-07-19
Player,R. Minerba,B 93,SUB,218516.53331972292,218516.53331972292,191107.68774880652,3732.8705128655083,3246,B 93 vs Kolding,2024-07-19
Team,None,B 93,None,nan,nan,2294.94426869976,308.49582864263186,None,B 93 vs Kolding,2024-07-19
Team,None,Kolding,None,nan,nan,2149.8946386298194,320.5161368635949,None,B 93 vs Kolding,2024-07-19
Player,A. Sondergaard,Hobro,GK,141723054.7908412,141723054.7908412,59563041.44818638,68169873.00046329,143167,Hobro vs HB Køge,2024-08-02
Player,B. Bayrak,HB Køge,GK,135804928.97519886,135804928.97519886,67857373.56717893,57996949.26078839,143143,Hobro vs HB Køge,2024-08-02
Player,J. Boge,Hobro,CB,55829829.527740136,55829829.527740136,49572650.997708045,4550502.057248217,143177,Hobro vs HB Køge,2024-08-02
Player,F. Dietz,Hobro,LCB,51162958.03720978,51162958.03720978,42597198.69490787,4942077.066530675,143167,Hobro vs HB Køge,2024-08-02
Player,S. Larsen,HB Køge,RB,49318818.96789434,49318818.96789434,40147419.343587,3735217.4265344897,143167,Hobro vs HB Køge,2024-08-02
Player,G. Culhaci,HB Køge,LB,49244109.50803162,49244109.50803162,41066964.692886665,4179578.818436249,143167,Hobro vs HB Køge,2024-08-02
Player,E. Sogaard,Hobro,RCB,47547383.379650205,47547383.379650205,38860427.87183259,4255302.939404426,143177,Hobro vs HB Køge,2024-08-02
Player,M. Gudmann,HB Køge,RCB,45467265.16850774,45467265.16850774,35647621.93477896,5816751.558445047,143144,Hobro vs HB Køge,2024-08-02
Player,L. Klitten,Hobro,LWB,41807388.319324665,41807388.319324665,33076507.65703333,3452493.471056675,143177,Hobro vs HB Køge,2024-08-02
Player,J. Rothmann,HB Køge,LW,37522773.628869064,37522773.628869064,33840407.9184886,1187096.3045264229,130274,Hobro vs HB Køge,2024-08-02
Player,O. Klitten,Hobro,RWB,35142551.98331758,35142551.98331758,27886279.138728548,3035111.442059909,143177,Hobro vs HB Køge,2024-08-02
Player,H. Bonnesen,HB Køge,LCB,34273379.908332,34273379.908332,27979001.639989953,4129951.099251175,143152,Hobro vs HB Køge,2024-08-02
Player,Z. Hyltoft,Hobro,CM,23972881.813011408,23972881.813011408,21054169.77741282,1540545.4457003542,143177,Hobro vs HB Køge,2024-08-02
Player,M. Jakobsen,HB Køge,CDM,22760531.997885555,22760531.997885555,17313744.308808528,2819323.0368986805,143167,Hobro vs HB Køge,2024-08-02
Player,V. Rasmussen,Hobro,LCM,21933484.52248226,21933484.52248226,20266319.149288673,995547.742899538,104078,Hobro vs HB Køge,2024-08-02
Player,F. Christensen,Hobro,LF,21496641.709015824,21496641.709015824,17110713.017703716,3098554.469009743,143167,Hobro vs HB Køge,2024-08-02
Player,M. Jensen,HB Køge,RCM,21453495.05633321,21453495.05633321,18733056.312485807,1762622.4862628584,143167,Hobro vs HB Køge,2024-08-02
Player,Mathias Kristensen,Hobro,RCM,20325782.41498231,20325782.41498231,18258738.671793077,1049380.8115044578,143177,Hobro vs HB Køge,2024-08-02
Player,C. Jensen,HB Køge,RW,20276103.11285892,20276103.11285892,17205039.674887333,1877312.3632949267,98566,Hobro vs HB Køge,2024-08-02
Player,J. Cornelius,Hobro,RF,18052132.097482085,18052132.097482085,14577722.00336502,2312919.5382756307,115286,Hobro vs HB Køge,2024-08-02
Player,G. Larsen,HB Køge,LCM,16558530.684180386,16558530.684180386,13350191.700855361,2222168.1837976594,130428,Hobro vs HB Køge,2024-08-02
Player,J. Arias,HB Køge,CF,14950133.960389985,14950133.960389985,12952543.778179144,1583406.7072109042,98680,Hobro vs HB Køge,2024-08-02
Player,Y. Dhaflaoui,HB Køge,SUB,8262876.938618625,8262876.938618625,7633251.521248182,259533.5720975097,44586,Hobro vs HB Køge,2024-08-02
Player,Theo Hansen,Hobro,SUB,5833318.953212661,5833318.953212661,5551025.839472916,219387.15465982567,39089,Hobro vs HB Køge,2024-08-02
Player,I. Dorgu,HB Køge,SUB,5812634.286696332,5812634.286696332,4368831.141836501,1094153.0584238025,44478,Hobro vs HB Køge,2024-08-02
Player,N. Jakobsen,HB Køge,SUB,4985321.680839002,4985321.680839002,4362423.766854679,250617.24644209226,12870,Hobro vs HB Køge,2024-08-02
Player,M. Compaore,Hobro,SUB,3698571.685385712,3698571.685385712,3054163.4286609916,433694.72234182805,27891,Hobro vs HB Køge,2024-08-02
Player,S. Jalaei,HB Køge,SUB,1888966.4392218788,1888966.4392218788,1630911.3237476347,214209.57285427913,12724,Hobro vs HB Køge,2024-08-02
Team,None,Hobro,None,nan,nan,2454.5070625595813,334.6239861515307,None,Hobro vs HB Køge,2024-08-02
Team,None,HB Køge,None,nan,nan,2403.24062262655,318.21749739851344,None,Hobro vs HB Køge,2024-08-02
Player,L. Moser,Kolding,GK,181823824.79944852,181823824.79944852,99078291.69861646,72661488.11156164,146885,Kolding vs Fredericia,2024-08-02
Player,M. Lamhauge,Fredericia,GK,150900234.60664812,150900234.60664812,71233925.993959,68724428.15865739,146885,Kolding vs Fredericia,2024-08-02
Player,A. Norager,Kolding,LCB,56230960.750543825,56230960.750543825,50816450.93549342,2968864.4455586057,146885,Kolding vs Fredericia,2024-08-02
Player,A. Mucolli,Fredericia,LW,48100905.44717577,48100905.44717577,43538114.72403403,1667217.4569961731,146885,Kolding vs Fredericia,2024-08-02
Player,F. Rieper,Fredericia,RCB,46237030.89856475,46237030.89856475,37361805.85174568,5374746.684180139,146885,Kolding vs Fredericia,2024-08-02
Player,D. Kristjansson,Fredericia,LB,46008161.54395707,46008161.54395707,39126765.44550574,2812181.871188305,125018,Kolding vs Fredericia,2024-08-02
Player,A. Njai,Kolding,LWB,42199479.89280985,42199479.89280985,35772570.16172432,2762699.1303905826,146885,Kolding vs Fredericia,2024-08-02
Player,C. Vestergaard,Kolding,RCB,39231622.81863164,39231622.81863164,32811434.83019361,3000175.913082525,146885,Kolding vs Fredericia,2024-08-02
Player,A. Dahl,Fredericia,RB,34366151.89686062,34366151.89686062,28366298.439927354,2471825.0207638624,100631,Kolding vs Fredericia,2024-08-02
Player,A. Leifsson,Kolding,CB,27752277.02444172,27752277.02444172,23526177.560966276,2942593.328339013,146885,Kolding vs Fredericia,2024-08-02
Player,S. Jalal,Kolding,SUB,26466046.001398742,26466046.001398742,22123573.80506994,1534967.6393774678,99400,Kolding vs Fredericia,2024-08-02
Player,J. Kudsk,Fredericia,LCB,26149128.290856723,26149128.290856723,20958037.75039872,3734804.8154268013,100238,Kolding vs Fredericia,2024-08-02
Player,M. Vestergard,Kolding,RDM,20363513.153178893,20363513.153178893,19236446.86663874,475574.5069441392,146885,Kolding vs Fredericia,2024-08-02
Player,J. Jessen,Fredericia,RW,19631764.03844103,19631764.03844103,18091604.378363848,834483.5232863703,146885,Kolding vs Fredericia,2024-08-02
Player,P. Ngongo,Kolding,RAM,19136896.590469025,19136896.590469025,15956669.597983513,2067647.003714454,146885,Kolding vs Fredericia,2024-08-02
Player,V. Westh,Kolding,LDM,17515361.068977863,17515361.068977863,16846899.848440394,300155.8998559193,146885,Kolding vs Fredericia,2024-08-02
Player,W. Madsen,Fredericia,CDM,16867539.407714125,16867539.407714125,15312107.091689618,1015576.0384055136,146885,Kolding vs Fredericia,2024-08-02
Player,J. Lindekilde,Fredericia,RCM,16851780.10130071,16851780.10130071,15449358.477315158,1018703.8176679217,146885,Kolding vs Fredericia,2024-08-02
Player,J. Brinch,Fredericia,SUB,16084885.624690976,16084885.624690976,14107031.6150397,873124.5364033415,46254,Kolding vs Fredericia,2024-08-02
Player,C. Jorgensen,Kolding,LAM,15717303.996475454,15717303.996475454,14156447.04115672,467246.86635295453,123447,Kolding vs Fredericia,2024-08-02
Player,J. Juelsgard,Fredericia,SUB,13836931.68617292,13836931.68617292,12312424.206985107,907070.419504341,46647,Kolding vs Fredericia,2024-08-02
Player,A. Bondergaard,Fredericia,CF,12973154.492561763,12973154.492561763,11336755.99759363,1168993.9085278297,100452,Kolding vs Fredericia,2024-08-02
Player,I. Tannander,Kolding,RWB,10950278.891283479,10950278.891283479,8309416.879016593,970207.6633078177,47485,Kolding vs Fredericia,2024-08-02
Player,G. Marcussen,Fredericia,LCM,10625156.568999346,10625156.568999346,9704617.053458696,535584.8229990553,86268,Kolding vs Fredericia,2024-08-02
Player,S. Yateke,Kolding,ST,8952259.380808612,8952259.380808612,7655711.77585692,951910.977785832,70722,Kolding vs Fredericia,2024-08-02
Player,D. Thogersen,Fredericia,SUB,8095341.918981941,8095341.918981941,7030127.786176708,367548.8852805866,21867,Kolding vs Fredericia,2024-08-02
Player,P. Egelund,Fredericia,SUB,7891679.697890069,7891679.697890069,7394822.401281752,206364.7598976616,60617,Kolding vs Fredericia,2024-08-02
Player,C. Palm,Kolding,SUB,7626853.865251618,7626853.865251618,6356412.015063101,854659.2221061221,76163,Kolding vs Fredericia,2024-08-02
Player,E. Dall,Fredericia,SUB,5589642.57890065,5589642.57890065,4493244.525611652,640615.9307793454,46433,Kolding vs Fredericia,2024-08-02
Player,A. Beck,Kolding,SUB,2976411.2160403137,2976411.2160403137,2735016.8096482065,102805.39926294133,23438,Kolding vs Fredericia,2024-08-02
Team,None,Fredericia,None,nan,nan,2422.419183300452,304.7503475251507,None,Kolding vs Fredericia,2024-08-02
Team,None,Kolding,None,nan,nan,2419.454129597069,327.1484638391394,None,Kolding vs Fredericia,2024-08-02
