team,players,minutes,Distance,Running,High Speed Running,Sprinting,No. of High Intensity Runs,No. of High Intensity Runs OTIP,No. of High Intensity Runs TIP,No. of High Intensity Runs BOP,Distance_per90,Distance_per_player,Running_per90,Running_per_player,High Speed Running_per90,High Speed Running_per_player,Sprinting_per90,Sprinting_per_player,No. of High Intensity Runs_per90,No. of High Intensity Runs_per_player,No. of High Intensity Runs OTIP_per90,No. of High Intensity Runs OTIP_per_player,No. of High Intensity Runs TIP_per90,No. of High Intensity Runs TIP_per_player,No. of High Intensity Runs BOP_per90,No. of High Intensity Runs BOP_per_player,game_id,match_description
HBK,11,939.45,97233.52,13690.26,5216.12,1977.58,745,420,275,50,9315.04263132684,8839.41090909091,1311.5369631167173,1244.5690909090908,499.70812709564103,474.19272727272727,189.4536164777263,179.78,71.37154718186171,67.72727272727273,40.236308478365,38.18181818181818,26.345201979881843,25.0,4.790036723614881,4.545454545454546,48874e9f-62ea-47c1-ae00-de7e40667409,HBK - HIK : 2025-7-18
HIK,11,984.0,104606.3,14933.43,5233.89,1742.71,725,415,272,38,9567.649390243903,9509.663636363637,1365.8625,1357.5845454545454,478.70945121951223,475.8081818181818,159.39420731707315,158.42818181818183,66.3109756097561,65.9090909090909,37.957317073170735,37.72727272727273,24.878048780487806,24.727272727272727,3.475609756097561,3.4545454545454546,48874e9f-62ea-47c1-ae00-de7e40667409,HBK - HIK : 2025-7-18
B93,9,808.3333333333334,85286.34,13397.27,5179.01,2334.82,742,404,296,42,9495.79868041237,9476.26,1491.6548041237113,1488.5855555555556,576.6320412371134,575.4455555555555,259.9593402061856,259.4244444444445,82.61443298969071,82.44444444444444,44.98144329896907,44.888888888888886,32.95670103092783,32.888888888888886,4.676288659793814,4.666666666666667,a9e0dd72-06b7-47d3-ab11-f2153c9720e7,HVI - B93 : 2025-7-18
HVI,9,817.5166666666667,83773.65,12546.53,5315.72,2334.41,759,419,303,37,9222.599131516177,9308.183333333332,1381.2411979368412,1394.058888888889,585.2049499500521,590.6355555555556,256.99402662534914,259.37888888888887,83.55792950194696,84.33333333333333,46.12749994903264,46.55555555555556,33.35711810156776,33.666666666666664,4.073311451346558,4.111111111111111,a9e0dd72-06b7-47d3-ab11-f2153c9720e7,HVI - B93 : 2025-7-18
HIL,11,970.0666666666667,102081.14,14034.52,4883.9,1604.45,671,352,283,36,9470.795065631228,9280.103636363636,1302.0824685588618,1275.8654545454547,453.1142189540237,443.99090909090904,148.85626417428355,145.85909090909092,62.253453370902335,61.0,32.657549309325816,32.0,26.2559274276682,25.727272727272727,3.339976633908322,3.272727272727273,0b6c3865-f705-4818-ac4f-4adbb3a1afce,HIL - MID : 2025-7-19
MID,11,991.3,99392.56,12877.36,4465.17,1253.24,580,300,254,26,9023.837788762232,9035.687272727273,1169.1338646222134,1170.669090909091,405.392212246545,405.92454545454547,113.78149904166247,113.9309090909091,52.65812569353375,52.72727272727273,27.236961565620902,27.272727272727273,23.060627458892366,23.09090909090909,2.3605366690204783,2.3636363636363638,0b6c3865-f705-4818-ac4f-4adbb3a1afce,HIL - MID : 2025-7-19
AAB,11,978.0666666666667,104319.84,17058.16,7488.46,3265.23,1065,582,433,50,9599.33092495399,9483.621818181819,1569.662327039738,1550.7418181818182,689.0751141708132,680.7690909090909,300.4608070342853,296.8390909090909,97.99945470656397,96.81818181818181,53.55463158612228,52.90909090909091,39.84390975393633,39.36363636363637,4.600913366505351,4.545454545454546,7560bd37-5707-425d-b94f-1aaaad984edf,KIF - AAB : 2025-7-19
KIF,9,849.1,94989.17,16249.6,7072.0,3682.2200000000003,1165,565,512,88,10068.337416087621,10554.352222222222,1722.369567777647,1805.5111111111112,749.5936874337533,785.7777777777778,390.29537156989755,409.1355555555556,123.48368861147097,129.44444444444446,59.886939112000945,62.77777777777778,54.269226239547756,56.888888888888886,9.327523259922271,9.777777777777779,7560bd37-5707-425d-b94f-1aaaad984edf,KIF - AAB : 2025-7-19
ACH,11,977.9166666666666,97676.88,13717.54,5250.43,1592.32,654,365,256,33,8989.435909671922,8879.716363636364,1262.4578781423095,1247.049090909091,483.20957818491695,477.3118181818182,146.5450021303792,144.75636363636363,60.189177673625906,59.45454545454545,33.591819343843206,33.18181818181818,23.56028973157222,23.272727272727273,3.0370685982104813,3.0,41cdf91a-d2ec-47c8-9ab9-0fa312e61ae1,ACH - ARF : 2025-7-19
ARF,10,906.85,89287.98,11942.4,5013.34,1805.57,665,350,288,27,8861.353255775486,8928.797999999999,1185.2191652423223,1194.24,497.5471136351106,501.334,179.19314109279372,180.557,65.99768429177924,66.5,34.73562331146276,35.0,28.58245575343221,28.8,2.6796052268842696,2.7,41cdf91a-d2ec-47c8-9ab9-0fa312e61ae1,ACH - ARF : 2025-7-19
EFB,9,808.6333333333333,87838.1,13423.880000000001,5777.84,2659.99,762,421,312,29,9776.283853415227,9759.78888888889,1494.063069376314,1491.5422222222223,643.0672327795869,641.9822222222223,296.0539593552908,295.5544444444444,84.80976132569356,84.66666666666667,46.856836637948795,46.77777777777778,34.72525660579579,34.666666666666664,3.2276680819489676,3.2222222222222223,66070e76-2442-4491-a5e1-af38e3d46ece,EFB - LBK : 2025-7-20
LBK,11,948.0666666666667,106887.97,16906.83,7352.29,3785.54,1109,573,478,58,10146.878524716967,9717.088181818182,1604.9659306659166,1536.9845454545457,697.9531326910906,668.39,359.3614373110189,344.14,105.27740665213418,100.81818181818181,54.39490893748681,52.09090909090909,45.37655579776387,43.45454545454545,5.505941916883482,5.2727272727272725,66070e76-2442-4491-a5e1-af38e3d46ece,EFB - LBK : 2025-7-20
ARF,11,969.5833333333334,106038.73,15714.27,6522.27,2872.82,927,469,411,47,9842.873089815212,9639.884545454544,1458.6516201117317,1428.57,605.419131929523,592.9336363636364,266.66485603781695,261.16545454545457,86.04727116458959,84.27272727272727,43.534164159862485,42.63636363636363,38.15040825096691,37.36363636363637,4.362698753760206,4.2727272727272725,304f69f1-c1db-43ba-874d-529cdb7c517a,HBK - ARF : 2025-7-25
HBK,9,823.2666666666667,85851.01,12405.400000000001,5231.56,1751.35,677,421,206,50,9385.283302291684,9539.00111111111,1356.165681431695,1378.377777777778,571.9172402623695,581.2844444444445,191.4586201311847,194.59444444444443,74.0100412988906,75.22222222222223,46.02396955219046,46.77777777777778,22.52004210867277,22.88888888888889,5.46602963802737,5.555555555555555,304f69f1-c1db-43ba-874d-529cdb7c517a,HBK - ARF : 2025-7-25
ACH,11,1029.6,107765.03,17130.41,7570.8099999999995,2577.56,911,537,324,50,9420.020104895106,9796.82090909091,1497.4134615384617,1557.31,661.7840909090909,688.2554545454545,225.31118881118886,234.32363636363635,79.63286713286715,82.81818181818181,46.94055944055945,48.81818181818182,28.321678321678323,29.454545454545453,4.370629370629371,4.545454545454546,124da622-4c6a-4070-9c95-0dfe192e02e9,ACH - KIF : 2025-7-25
KIF,11,1068.2833333333333,115912.53,20289.809999999998,8002.26,2979.75,1008,457,495,56,9765.31915690282,10537.502727272727,1709.361967018737,1844.5281818181816,674.1689002605426,727.4781818181818,251.03592991871696,270.8863636363636,84.9212911680734,91.63636363636364,38.501021888699945,41.54545454545455,41.702419770036045,45.0,4.717849509337411,5.090909090909091,124da622-4c6a-4070-9c95-0dfe192e02e9,ACH - KIF : 2025-7-25
B93,10,872.4166666666666,94436.43,14704.98,6322.88,2659.33,890,476,371,43,9742.224128379024,9443.643,1516.9909637978797,1470.498,652.2791479606457,632.288,274.3410449899704,265.933,91.81392683159805,89.0,49.10497659757379,47.6,38.272996465756044,37.1,4.435953768268221,4.3,8595877b-b9f9-45f5-bcad-5fa669121c8c,LBK - B93 : 2025-7-25
LBK,10,924.45,101965.04999999999,16324.630000000001,7364.21,3063.31,1064,553,437,74,9926.826220996267,10196.505,1589.2873600519226,1632.4630000000002,716.9440207691059,736.421,298.2291092000649,306.331,103.58591595002434,106.4,53.837416842446856,55.3,42.54421547947428,43.7,7.204283628103196,7.4,8595877b-b9f9-45f5-bcad-5fa669121c8c,LBK - B93 : 2025-7-25
AAB,8,761.5,80931.43000000001,12600.1,4795.39,1808.73,652,367,255,30,9565.106631648065,10116.428750000001,1489.177938279711,1575.0125,566.7565331582404,599.42375,213.76979645436637,226.09125,77.05843729481286,81.5,43.374917925147734,45.875,30.137885751805648,31.875,3.5456336178594876,3.75,13862721-b499-405f-a22b-a381b9a9b068,HIL - AAB : 2025-7-26
HIL,11,902.9833333333333,99348.19,15572.3,5673.15,1794.77,746,365,347,34,9901.995717898079,9031.653636363637,1552.0851252330237,1415.6636363636362,565.4406688938518,515.7409090909091,178.88403255874047,163.1609090909091,74.35353181121836,67.81818181818181,36.3794089961055,33.18181818181818,34.585355949722214,31.545454545454547,3.3887668653906498,3.090909090909091,13862721-b499-405f-a22b-a381b9a9b068,HIL - AAB : 2025-7-26
EFB,9,849.9166666666666,87724.64,12550.46,5234.81,2428.07,677,347,306,24,9289.402019805864,9747.182222222222,1329.0025296597705,1394.4955555555555,554.3283459162664,581.6455555555556,257.11497205608396,269.78555555555556,71.68938131189333,75.22222222222223,36.74477889989215,38.55555555555556,32.403176782037455,34.0,2.541425629963722,2.6666666666666665,da6f5103-d7af-4c33-b137-85590bf9fca0,EFB - HVI : 2025-7-26
HVI,11,932.6333333333333,97104.37,13535.619999999999,5840.14,2418.34,775,424,324,27,9370.663676328675,8827.67,1306.2001501125842,1230.510909090909,563.5790414239251,530.9218181818183,233.3721005039494,219.84909090909093,74.78823403266736,70.45454545454545,40.91640158690446,38.54545454545455,31.2663068730119,29.454545454545453,2.6055255727509916,2.4545454545454546,da6f5103-d7af-4c33-b137-85590bf9fca0,EFB - HVI : 2025-7-26
HIK,10,921.95,96266.13,12645.16,4798.88,1731.57,646,309,309,28,9397.420359021638,9626.613000000001,1234.4101090080808,1264.516,468.462714897771,479.88800000000003,169.03443787624056,173.15699999999998,63.06198817723304,64.6,30.164325614187316,30.9,30.164325614187316,30.9,2.7333369488583976,2.8,ea0f2f9d-8c0d-4a27-965a-44c6cb3ff780,HIK - MID : 2025-7-27
MID,11,978.6166666666667,103689.52,14400.21,5506.76,1734.7,726,406,290,30,9535.967573275202,9426.32,1324.3376534904712,1309.11,506.4377267230956,500.61454545454546,159.53437675630568,157.70000000000002,66.76771633428139,66.0,37.33841987839978,36.90909090909091,26.6702999131427,26.363636363636363,2.7589965427389003,2.727272727272727,ea0f2f9d-8c0d-4a27-965a-44c6cb3ff780,HIK - MID : 2025-7-27
HBK,11,1027.2,107885.05,17338.63,8410.87,4149.92,1304,783,465,56,9452.545268691589,9807.73181818182,1519.1556658878505,1576.239090909091,736.933703271028,764.6245454545456,363.60280373831773,377.26545454545453,114.25233644859813,118.54545454545455,68.60397196261682,71.18181818181819,40.74182242990654,42.27272727272727,4.906542056074766,5.090909090909091,16885bd8-5f37-4526-adf9-f691bc5c2474,KIF - HBK : 2025-8-1
KIF,10,893.9166666666666,104675.70999999999,19645.71,9171.699999999999,3627.14,1326,643,617,66,10538.805518784375,10467.571,1977.940412044374,1964.571,923.4115782604641,917.1699999999998,365.1823622634474,362.714,133.50237717908084,132.6,64.73757807401884,64.3,62.11988440384078,61.7,6.644914701221217,6.6,16885bd8-5f37-4526-adf9-f691bc5c2474,KIF - HBK : 2025-8-1
B93,11,985.8,113122.11,19937.309999999998,8324.57,3522.71,1243,578,619,46,10327.642422398054,10283.828181818182,1820.204808277541,1812.482727272727,760.0033475349969,756.7790909090909,321.6107729762629,320.24636363636364,113.48143639683506,113.0,52.76932440657334,52.54545454545455,56.51247717589775,56.27272727272727,4.199634814363969,4.181818181818182,8e5b1936-220e-40e1-b850-4c5d82f5a0cd,B93 - HIL : 2025-8-1
HIL,10,907.1166666666667,101959.35,17110.04,6742.110000000001,2747.0,1002,635,324,43,10115.94410862256,10195.935000000001,1697.580539070682,1711.0040000000001,668.9215646645966,674.211,272.5448766237345,274.7,99.41389383945469,100.2,63.001818950153414,63.5,32.14580998401529,32.4,4.266264905285979,4.3,8e5b1936-220e-40e1-b850-4c5d82f5a0cd,B93 - HIL : 2025-8-1
AAB,11,995.2666666666667,108803.84,17765.23,7280.53,2740.82,1004,555,415,34,9838.916471297474,9891.25818181818,1606.4746801527228,1615.020909090909,658.3639560586777,661.8663636363636,247.84694219304708,249.16545454545457,90.78973809364324,91.27272727272727,50.1875544242749,50.45454545454545,37.52763078571907,37.72727272727273,3.074552883649273,3.090909090909091,e434c3e2-4232-47ba-a5a3-cfbb5eb8e9c8,AAB - HIK : 2025-8-1
HIK,11,1019.7166666666667,111971.43,16543.7,6568.6900000000005,2468.09,893,484,377,32,9882.577219162185,10179.22090909091,1460.143830802674,1503.9727272727273,579.751336155468,597.1536363636365,217.83315626889822,224.37181818181818,78.8160109834431,81.18181818181819,42.717748394161774,44.0,33.27394864586568,34.27272727272727,2.8243139434156546,2.909090909090909,e434c3e2-4232-47ba-a5a3-cfbb5eb8e9c8,AAB - HIK : 2025-8-1
ARF,11,936.6,100445.35,15082.46,6562.5599999999995,3332.48,1037,462,510,65,9652.019538757208,9131.395454545454,1449.3074951953874,1371.1327272727272,630.6111467008328,596.5963636363635,320.22549647661754,302.95272727272726,99.64766175528509,94.27272727272727,44.39461883408072,42.0,49.0070467648943,46.36363636363637,6.245996156310058,5.909090909090909,accbac6e-a7c6-4dfe-9794-8edd80ef5752,ARF - LBK : 2025-8-2
LBK,9,827.9166666666666,93512.89,16167.369999999999,6668.82,2530.14,977,586,319,72,10165.467659788626,10390.32111111111,1757.4997081026672,1796.3744444444444,724.9447005535984,740.98,275.0428988424761,281.12666666666667,106.20634121791646,108.55555555555556,63.702063412179164,65.11111111111111,34.67740312028183,35.44444444444444,7.826874685455461,8.0,accbac6e-a7c6-4dfe-9794-8edd80ef5752,ARF - LBK : 2025-8-2
EFB,9,822.3666666666667,94440.64,15887.189999999999,6911.83,3392.26,1043,493,504,46,10335.60569089214,10493.404444444444,1738.6977828219365,1765.243333333333,756.4322889222163,767.9811111111111,371.2497263994164,376.9177777777778,114.1461635118155,115.88888888888889,53.95403510194155,54.77777777777778,55.15787767013903,56.0,5.034250739734912,5.111111111111111,e5dadbd3-a053-4fa0-a74e-18a104c61923,MID - EFB : 2025-8-2
MID,11,952.5666666666667,109499.49,17842.34,8775.19,4340.1,1338,762,521,55,10345.684396542674,9954.499090909092,1685.7724043811456,1622.030909090909,829.093781712566,797.7445454545455,410.059488399762,394.55454545454546,126.41634881198166,121.63636363636364,71.99496098260839,69.27272727272727,49.22490114427686,47.36363636363637,5.1964866850964055,5.0,e5dadbd3-a053-4fa0-a74e-18a104c61923,MID - EFB : 2025-8-2
ACH,11,922.6166666666667,99356.2,15951.11,6515.42,2143.65,803,389,375,39,9692.062069837599,9032.381818181819,1556.0090684104991,1450.1009090909092,635.5703524396192,592.3109090909091,209.11013963907004,194.87727272727273,78.33155698466318,73.0,37.94642050689163,35.36363636363637,36.58073956319887,34.09090909090909,3.804396914572683,3.5454545454545454,66a1cbc5-f514-44ff-b8c0-c66569c4338f,HVI - ACH : 2025-8-4
HVI,9,778.7166666666667,84036.82,13258.17,5798.1900000000005,2255.0299999999997,737,426,268,43,9712.536181323974,9337.424444444445,1532.309954412174,1473.13,670.1244783083279,644.2433333333333,260.6245746206365,250.55888888888887,85.17860582582455,81.88888888888889,49.23485221411296,47.333333333333336,30.97403848211801,29.77777777777778,4.969715129593562,4.777777777777778,66a1cbc5-f514-44ff-b8c0-c66569c4338f,HVI - ACH : 2025-8-4
B93,11,963.2333333333333,105603.39,17144.95,6356.13,2412.41,845,369,442,34,9867.084922310274,9600.308181818182,1601.9436273661627,1558.6318181818183,593.8869432813095,577.83,225.4042634183479,219.30999999999997,78.95283247395923,76.81818181818181,34.47762743537391,33.54545454545455,41.29840467868637,40.18181818181818,3.1768003598989516,3.090909090909091,f8d40323-d8d5-457a-be13-6fdb93a75d5c,HIK - B93 : 2025-8-8
HIK,10,919.6,95003.56,14154.279999999999,5782.65,2198.65,780,476,278,26,9297.869073510221,9500.356,1385.260113092649,1415.4279999999999,565.940082644628,578.265,215.17888212266203,219.865,76.33753806002609,78.0,46.585471944323615,47.6,27.20748151370161,27.8,2.54458460200087,2.6,f8d40323-d8d5-457a-be13-6fdb93a75d5c,HIK - B93 : 2025-8-8
ARF,11,932.9333333333333,108619.94,18223.39,8568.31,4121.73,1379,703,596,80,10478.556452765471,9874.54,1758.0088966700014,1656.671818181818,826.5841432042304,778.9372727272727,397.622945548092,374.70272727272726,133.0320137201658,125.36363636363636,67.81835072173789,63.90909090909091,57.496069744176076,54.18181818181818,7.717593254251822,7.2727272727272725,eb617e0f-a0f9-451c-a3d7-40d132d37430,ARF - HIL : 2025-8-9
HIL,10,850.4,100023.11,18103.760000000002,7881.45,2784.52,1142,653,447,42,10585.700729068674,10002.311,1915.9670743179681,1810.3760000000002,834.113946378175,788.145,294.6928504233302,278.452,120.86077140169331,114.2,69.10865475070555,65.3,47.30714957666981,44.7,4.444967074317968,4.2,eb617e0f-a0f9-451c-a3d7-40d132d37430,ARF - HIL : 2025-8-9
EFB,9,828.3,90797.0,15226.53,6660.18,3337.36,1004,558,386,60,9865.664614270192,10088.555555555555,1654.4581673306775,1691.8366666666668,723.6704092720029,740.02,362.62513582035496,370.8177777777778,109.0909090909091,111.55555555555556,60.63020644693952,62.0,41.94132560666426,42.888888888888886,6.519377037305325,6.666666666666667,74ccda61-0aeb-4455-8b81-ce6c2890da7d,EFB - KIF : 2025-8-9
KIF,9,848.35,98901.43,17991.64,8013.86,3202.1,1231,574,602,55,10492.283491483468,10989.047777777778,1908.7023044733894,1999.0711111111111,850.1766959391759,890.4288888888889,339.7053103082454,355.7888888888889,130.59468379796076,136.77777777777777,60.89467790416691,63.77777777777778,63.86514999705311,66.88888888888889,5.834855896740732,6.111111111111111,74ccda61-0aeb-4455-8b81-ce6c2890da7d,EFB - KIF : 2025-8-9
ACH,11,936.8166666666667,98424.82,14124.56,5628.98,1793.76,693,258,410,25,9455.674856339732,8947.710909090909,1356.9468234624346,1284.050909090909,540.7762457969363,511.7254545454545,172.32656691988825,163.0690909090909,66.57652689071145,63.0,24.786066288316817,23.454545454545453,39.38870999306161,37.27272727272727,2.4017506093330248,2.272727272727273,f8e3600e-74fd-4e8e-9ee1-abe82a25e772,ACH - MID : 2025-8-9
MID,9,827.5833333333334,87446.15,14158.41,5500.1900000000005,1661.6,709,444,235,30,9509.801832645251,9716.238888888889,1539.7324337931727,1573.1566666666668,598.147739401873,611.1322222222223,180.69962742926188,184.6222222222222,77.10401772228376,78.77777777777777,48.28516765683214,49.333333333333336,25.55633873728728,26.11111111111111,3.262511328164334,3.3333333333333335,f8e3600e-74fd-4e8e-9ee1-abe82a25e772,ACH - MID : 2025-8-9
HVI,11,982.9333333333333,103935.79000000001,15943.0,7007.96,2793.05,989,535,378,76,9516.638395279437,9448.708181818183,1459.7836408030387,1449.3636363636363,641.6675257731958,637.0872727272728,255.73911421595227,253.91363636363639,90.5554801953337,89.9090909090909,48.98602821486707,48.63636363636363,34.61068909386869,34.36363636363637,6.958762886597938,6.909090909090909,d2c25e1f-9d83-4565-90d8-5c67859b1274,LBK - HVI : 2025-8-10
LBK,10,931.1666666666666,100909.62,16316.55,7408.12,2902.08,1065,521,463,81,9753.211884732415,10090.962,1577.0425988902812,1631.655,716.0166099874709,740.812,280.4945766959012,290.20799999999997,102.93538571684267,106.5,50.356183998568106,52.1,44.75031322713442,46.3,7.828888491140147,8.1,d2c25e1f-9d83-4565-90d8-5c67859b1274,LBK - HVI : 2025-8-10
AAB,11,1013.8166666666667,116257.4,20737.71,8086.049999999999,2624.4700000000003,1087,565,482,40,10320.570122803267,10568.854545454546,1840.9579970080058,1885.2463636363636,717.826530108994,735.0954545454545,232.98324812178402,238.58818181818185,96.49673675385095,98.81818181818181,50.15699748475233,51.36363636363637,42.7888013940719,43.81818181818182,3.5509378750267144,3.6363636363636362,6adb12d4-6c7f-4fcd-a8e1-b842cef10c6d,HBK - AAB : 2025-8-10
HBK,11,950.8333333333334,100140.32,16242.13,6459.84,2331.52,916,494,383,39,9478.663067484664,9103.665454545455,1537.3795267309376,1476.5572727272727,611.4484837861525,587.2581818181818,220.68725679228749,211.95636363636365,86.7028921998247,83.27272727272727,46.7589833479404,44.90909090909091,36.25241016652059,34.81818181818182,3.6914986853637157,3.5454545454545454,6adb12d4-6c7f-4fcd-a8e1-b842cef10c6d,HBK - AAB : 2025-8-10
AAB,11,1023.55,104972.01,17676.760000000002,7160.21,2113.44,1006,539,429,38,9230.111767866738,9542.91,1554.3045283571885,1606.978181818182,629.5920082067315,650.9281818181818,185.83322749255044,192.13090909090909,88.45684138537445,91.45454545454545,47.393874261149925,49.0,37.72165502418055,39.0,3.341312100043965,3.4545454545454546,0e2eadeb-7743-44da-9e71-b64f177f864b,AAB - ACH : 2025-8-15
ACH,9,895.9,92715.51,15314.619999999999,6179.469999999999,2145.92,899,495,349,55,9313.981359526733,10301.723333333333,1538.4705882352941,1701.6244444444444,620.7749748855898,686.6077777777778,215.57405960486665,238.43555555555557,90.31141868512111,99.88888888888889,49.72653197901551,55.0,35.05971648621498,38.77777777777778,5.5251702198906125,6.111111111111111,0e2eadeb-7743-44da-9e71-b64f177f864b,AAB - ACH : 2025-8-15
B93,10,876.5833333333334,100683.95999999999,16704.16,7165.29,3605.24,1059,605,408,46,10337.358760338433,10068.395999999999,1715.0387679437206,1670.416,735.6700446810532,716.529,370.1548816427417,360.524,108.7289666318091,105.9,62.11617073866337,60.5,41.88991348987546,40.8,4.7228824032702725,4.6,3ece40b1-2c59-4194-bdc4-e92dd17caea8,B93 - EFB : 2025-8-15
EFB,11,946.4666666666667,111337.41,18362.8,8906.529999999999,4910.87,1436,729,636,71,10587.131330562795,10121.582727272727,1746.1280552229346,1669.3454545454545,846.9264985560328,809.6845454545454,466.9771430583926,446.44272727272727,136.5499753469043,130.54545454545453,69.32098330633232,66.27272727272727,60.477565682890756,57.81818181818182,6.751426357681201,6.454545454545454,3ece40b1-2c59-4194-bdc4-e92dd17caea8,B93 - EFB : 2025-8-15
ARF,11,966.3,102748.48,16008.61,6336.99,2511.02,870,399,417,54,9569.867742936976,9340.770909090908,1491.0223533064266,1455.328181818182,590.2194970506054,576.09,233.87333126358274,228.27454545454546,81.03073579633654,79.0909090909091,37.162371934181934,36.27272727272727,38.838869916175106,37.90909090909091,5.029493945979509,4.909090909090909,9211d1fa-0e9e-4d49-bd3b-7ac016ec59e7,HVI - ARF : 2025-8-15
HVI,9,797.7,83333.04,11676.25,5082.84,1829.47,659,389,239,31,9401.997743512598,9259.226666666666,1317.3655509590071,1297.361111111111,573.4682211357652,564.76,206.40880030086495,203.27444444444444,74.35125987213237,73.22222222222223,43.88867995487025,43.22222222222222,26.96502444528018,26.555555555555557,3.497555471981948,3.4444444444444446,9211d1fa-0e9e-4d49-bd3b-7ac016ec59e7,HVI - ARF : 2025-8-15
HBK,11,976.2833333333333,106263.3,15566.29,7284.46,3170.96,1201,733,382,86,9796.02608532359,9660.300000000001,1434.9995049251415,1415.1172727272728,671.5278010140499,662.2236363636364,292.3192379261485,288.2690909090909,110.71580995954044,109.18181818181819,67.5725967529918,66.63636363636364,35.2151868480803,34.72727272727273,7.928026358468341,7.818181818181818,44251b3a-22a0-4009-9960-538c17f9b380,MID - HBK : 2025-8-16
MID,11,980.85,109204.62,15625.53,7328.19,3625.96,1179,517,579,83,10020.304633736045,9927.692727272726,1433.7540908395779,1420.5027272727273,672.4138247438445,666.1990909090908,332.70775347912524,329.63272727272727,108.18167915583422,107.18181818181819,47.4384462456033,47.0,53.127389509099245,52.63636363636363,7.615843401131671,7.545454545454546,44251b3a-22a0-4009-9960-538c17f9b380,MID - HBK : 2025-8-16
HIK,11,988.2833333333333,111529.0,17708.73,6722.24,2820.2200000000003,1015,529,427,59,10156.611632966255,10139.0,1612.6809450731066,1609.8845454545453,612.1742415299257,611.1127272727273,256.82897954365313,256.3836363636364,92.43300672883957,92.27272727272727,48.174443901040526,48.09090909090909,38.885609727304924,38.81818181818182,5.372953100494123,5.363636363636363,d42f8601-f064-4f38-be71-6d78e9caa33b,HIL - HIK : 2025-8-16
HIL,10,861.8166666666667,95459.86,15370.34,5448.79,1950.5,765,409,324,32,9968.926956622638,9545.986,1605.133265002224,1537.034,569.0202092479066,544.879,203.69181380417334,195.05,79.88938095882729,76.5,42.712100408052756,40.9,33.83550252373861,32.4,3.341778027035912,3.2,d42f8601-f064-4f38-be71-6d78e9caa33b,HIL - HIK : 2025-8-16
AAB,10,899.3833333333333,96842.81,15230.01,6494.54,2348.15,871,453,378,40,9690.921075551767,9684.280999999999,1524.0452532290644,1523.001,649.8993013731631,649.454,234.97600207549618,234.815,87.15972054926523,87.1,45.3310601708578,45.3,37.82591775846413,37.8,4.0027426199432945,4.0,320e1bf0-510b-434b-b626-b201f0055735,EFB - AAB : 2025-8-19
EFB,10,871.7666666666667,95034.49,15382.12,7507.85,3168.03,1094,589,438,67,9811.23094864834,9503.449,1588.0290597636981,1538.212,775.1001797116966,750.7850000000001,327.06309027645017,316.803,112.94306580507016,109.4,60.80755553856154,58.9,45.21852177570451,43.8,6.916988490804115,6.7,320e1bf0-510b-434b-b626-b201f0055735,EFB - AAB : 2025-8-19
HVI,9,822.35,89751.58,13176.92,6037.9,2267.12,730,340,350,40,9822.632942177905,9972.397777777778,1442.114428163191,1464.1022222222223,660.8025779777466,670.8777777777777,248.11917066942297,251.9022222222222,79.8929896029671,81.11111111111111,37.210433513710704,37.77777777777778,38.304858028819844,38.888888888888886,4.377698060436553,4.444444444444445,865a7dac-ad90-4f0d-8c5a-2b5e18ba1a3c,HVI - MID : 2025-8-19
MID,9,836.4333333333333,91726.45999999999,14596.34,6379.21,2622.67,824,496,293,35,9869.742238871399,10191.828888888887,1570.562228509943,1621.8155555555556,686.4012672856973,708.8011111111111,282.1985812776472,291.40777777777777,88.66217670266609,91.55555555555556,53.369465588012595,55.111111111111114,31.526720599370343,32.55555555555556,3.765990515283147,3.888888888888889,865a7dac-ad90-4f0d-8c5a-2b5e18ba1a3c,HVI - MID : 2025-8-19
B93,11,962.1833333333333,114322.54,19574.0,7897.09,3212.7,1171,617,506,48,10693.418024977915,10392.958181818181,1830.898477421143,1779.4545454545455,738.672221163673,717.9172727272727,300.5071798513797,292.06363636363636,109.53214044447525,106.45454545454545,57.71249415392078,56.09090909090909,47.32985744227538,46.0,4.489788848279088,4.363636363636363,a6825b0c-6aa4-4bee-ba87-0301413abbb1,HBK - B93 : 2025-8-19
HBK,11,957.7333333333333,106474.06,17011.02,6833.1,2569.16,964,555,369,40,10005.567381316998,9679.46,1598.5574968676042,1546.4563636363637,642.1192398719198,621.1909090909091,241.42879019908116,233.55999999999997,90.58889043575107,87.63636363636364,52.15439231518864,50.45454545454545,34.67562299874704,33.54545454545455,3.7588751218153975,3.6363636363636362,a6825b0c-6aa4-4bee-ba87-0301413abbb1,HBK - B93 : 2025-8-19
HIL,10,920.55,101428.2,15241.63,6091.76,2143.3599999999997,825,447,341,37,9916.395633045462,10142.82,1490.138178262995,1524.163,595.5769920156429,609.176,209.55124653739608,214.33599999999996,80.65830210200424,82.5,43.70213459344957,44.7,33.33876486882842,34.1,3.6174026397262504,3.7,cb7febca-b1e8-4d13-8b0e-1f302518d017,LBK - HIL : 2025-8-19
LBK,10,858.3,99693.39,16689.76,6993.35,3151.55,1021,531,445,45,10453.693463823838,9969.339,1750.0622160083885,1668.9759999999999,733.3117790982175,699.335,330.46662006291507,315.15500000000003,107.06046836770362,102.1,55.679832226494234,53.1,46.66200629150647,44.5,4.718629849702901,4.5,cb7febca-b1e8-4d13-8b0e-1f302518d017,LBK - HIL : 2025-8-19
ACH,9,810.1166666666667,83757.42,12353.08,5368.2,2195.24,748,385,325,38,9305.039767934659,9306.38,1372.3667784475488,1372.5644444444445,596.3807682021107,596.4666666666667,243.880428744831,243.91555555555553,83.09914209887465,83.11111111111111,42.771617256773716,42.77777777777778,36.10591067130249,36.111111111111114,4.2216141707984445,4.222222222222222,80656742-157d-4a1c-a023-de800abec611,HIK - ACH : 2025-8-20
HIK,11,1008.4166666666666,109733.81999999999,16874.3,6906.42,3369.39,1013,522,431,60,9793.614213701347,9975.801818181817,1506.011404016197,1534.0272727272727,616.3898520783406,627.8563636363637,300.7140897446492,306.3081818181818,90.40905710271879,92.0909090909091,46.58788529873564,47.45454545454545,38.46624245930089,39.18181818181818,5.354929344682257,5.454545454545454,80656742-157d-4a1c-a023-de800abec611,HIK - ACH : 2025-8-20
ARF,10,901.8166666666667,102651.01000000001,17455.94,8162.45,4254.22,1372,760,561,51,10244.422443586094,10265.101,1742.0775841357256,1745.5939999999998,814.6007133748544,816.245,424.56500766970373,425.422,136.92361714317394,137.2,75.84690162449868,76.0,55.98698922545232,56.1,5.089726293222939,5.1,fa3e9a52-d780-49b5-b69f-634810d3edd6,ARF - KIF : 2025-8-20
KIF,11,976.9166666666666,116593.44,21450.17,9604.56,4529.86,1537,735,735,67,10741.355898660753,10599.403636363637,1976.130990360829,1950.0154545454543,884.8353493133158,873.1418181818182,417.3205493474366,411.8054545454545,141.59856691973047,139.72727272727272,67.7130427365009,66.81818181818181,67.7130427365009,66.81818181818181,6.172481446728653,6.090909090909091,fa3e9a52-d780-49b5-b69f-634810d3edd6,ARF - KIF : 2025-8-20
AAB,10,899.2,96870.87,15307.96,6164.11,2513.39,902,394,456,52,9695.705404804268,9687.087,1532.1579181494658,1530.7959999999998,616.9594083629893,616.411,251.5626112099644,251.339,90.28024911032028,90.2,39.43505338078292,39.4,45.64056939501779,45.6,5.204626334519572,5.2,60d36850-230d-47e7-bf55-f54d56f0439e,AAB - HVI : 2025-8-22
HVI,11,943.4166666666666,104008.08,16894.85,7179.889999999999,2806.82,1004,666,276,62,9922.155851956542,9455.28,1611.7337691016696,1535.8954545454544,684.9466654889144,652.7172727272726,267.7648264287607,255.16545454545457,95.77952477696317,91.27272727272727,63.53502340782617,60.54545454545455,26.32982952036039,25.09090909090909,5.914671848776609,5.636363636363637,60d36850-230d-47e7-bf55-f54d56f0439e,AAB - HVI : 2025-8-22
ACH,11,1019.85,104587.8,15986.210000000001,7379.58,2659.96,1035,556,414,65,9229.692601853214,9507.98181818182,1410.755405206648,1453.2918181818184,651.2351816443594,670.8709090909091,234.73687306956904,241.81454545454545,91.33696131784085,94.0909090909091,49.0660391234005,50.54545454545455,36.534784527136345,37.63636363636363,5.736137667304016,5.909090909090909,386bfc1c-e58a-41f7-884e-899b235aee5a,LBK - ACH : 2025-8-23
LBK,10,935.65,97261.72,15118.52,6024.15,2452.9,880,375,442,63,9355.586811307649,9726.172,1454.2476353337252,1511.852,579.4618714262812,602.415,235.94399615240744,245.29000000000002,84.64703681932346,88.0,36.071180462779886,37.5,42.51589803879656,44.2,6.059958317747021,6.3,386bfc1c-e58a-41f7-884e-899b235aee5a,LBK - ACH : 2025-8-23
B93,11,934.8833333333333,107752.83,18269.85,7966.01,3365.88,1177,638,484,55,10373.224502166046,9795.711818181819,1758.8146471039165,1660.8954545454544,766.8774000320896,724.1827272727273,324.02888060898863,305.9890909090909,113.30825593211274,107.0,61.41942844918261,58.0,46.59404916834543,44.0,5.294778314584708,5.0,37d51141-a5a5-40ff-996c-77788292a869,B93 - KIF : 2025-8-23
KIF,10,929.5333333333333,110176.88,18891.47,7951.9,3304.62,1174,634,465,75,10667.631643118411,11017.688,1829.1246145019009,1889.1470000000002,769.9250519974181,795.1899999999999,319.9624901384207,330.462,113.66994190633294,117.4,61.385641540557984,63.4,45.022591981639536,46.5,7.261708384135408,7.5,37d51141-a5a5-40ff-996c-77788292a869,B93 - KIF : 2025-8-23
ARF,10,883.7166666666667,96623.52,15386.53,6478.84,2693.96,942,453,456,33,9840.390170303453,9662.352,1567.004168002565,1538.653,659.8218886143749,647.884,274.3598815608321,269.396,95.93572600569563,94.2,46.13469626388548,45.3,46.440224053712534,45.6,3.360805688097618,3.3,5c23d209-1a18-4154-9c04-8a96af628b24,MID - ARF : 2025-8-23
MID,9,840.55,89386.89,14068.95,5302.9,2224.98,792,434,324,34,9570.900124918207,9931.876666666667,1506.4011659032778,1563.2166666666667,567.7960858961394,589.2111111111111,238.23472726191187,247.22,84.801617988222,88.0,46.469573493545894,48.22222222222222,34.69157099518173,36.0,3.640473499494379,3.7777777777777777,5c23d209-1a18-4154-9c04-8a96af628b24,MID - ARF : 2025-8-23
HBK,11,949.3833333333333,103241.8,18122.18,7131.9,2814.47,1086,576,452,58,9787.155170900409,9385.618181818181,1717.9532679107492,1647.4709090909091,676.0925513052332,648.3545454545455,266.8071906325158,255.86090909090908,102.95103839334305,98.72727272727273,54.60386566718748,52.36363636363637,42.84886680827906,41.09090909090909,5.498305917876516,5.2727272727272725,7f87a25d-ef19-4d31-8b36-0f9c0a517191,HIL - HBK : 2025-8-23
HIL,11,931.7,109388.33,19161.239999999998,7979.360000000001,2601.41,1104,537,510,57,10566.652033916496,9944.393636363637,1850.9301277235159,1741.930909090909,770.7871632499732,725.3963636363637,251.290007513148,236.49181818181816,106.6437694536868,100.36363636363636,51.87292046796179,48.81818181818182,49.26478480197488,46.36363636363637,5.506064183750134,5.181818181818182,7f87a25d-ef19-4d31-8b36-0f9c0a517191,HIL - HBK : 2025-8-23
EFB,11,941.6666666666666,105682.22,17156.55,7266.27,3007.67,981,552,400,29,10100.601557522124,9607.474545454546,1639.7410619469026,1559.6863636363635,694.4753628318584,660.57,287.4587256637168,273.42454545454547,93.75929203539823,89.18181818181819,52.75752212389381,50.18181818181818,38.230088495575224,36.36363636363637,2.7716814159292036,2.6363636363636362,68283ae3-047e-4f1c-9508-6b268ffe910c,HIK - EFB : 2025-8-24
HIK,11,996.05,111897.2,16424.9,6491.55,2576.41,900,487,375,38,10110.685206565935,10172.472727272727,1484.103207670298,1493.1727272727273,586.5563977711963,590.1409090909091,232.79644596154813,234.2190909090909,81.32121881431655,81.81818181818181,44.00381506952463,44.27272727272727,33.8838411726319,34.09090909090909,3.4335625721600325,3.4545454545454546,68283ae3-047e-4f1c-9508-6b268ffe910c,HIK - EFB : 2025-8-24
AAB,9,834.3,91135.05,14213.44,5902.16,2288.02,899,477,337,85,9831.181229773465,10126.116666666667,1533.2729234088458,1579.2711111111112,636.6947141316074,655.7955555555556,246.8198489751888,254.22444444444443,96.97950377562027,99.88888888888889,51.456310679611654,53.0,36.353829557713055,37.44444444444444,9.169363538295578,9.444444444444445,a4818dd2-e918-436a-866e-ecb6b7b288ef,ARF - AAB : 2025-8-29
ARF,10,884.3833333333333,100534.17,16332.98,6697.55,2546.26,1001,509,400,92,10230.942803836948,10053.417,1662.1391930346947,1633.298,681.5817047660329,669.755,259.12225090929655,254.62600000000003,101.86759135367393,100.1,51.798805193826205,50.9,40.70633021125831,40.0,9.362455948589412,9.2,a4818dd2-e918-436a-866e-ecb6b7b288ef,ARF - AAB : 2025-8-29
HIL,11,966.1666666666666,114263.23999999999,20316.73,8367.05,3101.38,1230,680,477,73,10643.807072623771,10387.567272727272,1892.5365188890805,1846.9754545454546,779.4043470760738,760.6409090909091,288.89860272554773,281.94363636363636,114.57650508883907,111.81818181818181,63.34310850439883,61.81818181818182,44.43332758323271,43.36363636363637,6.800069001207522,6.636363636363637,1ca811f0-5242-46e4-922e-f057f7e08659,KIF - HIL : 2025-8-29
KIF,11,1015.8166666666667,124212.11,22835.260000000002,10082.91,4256.13,1574,771,732,71,11005.02705540698,11292.01,2023.1735385322154,2075.9327272727273,893.3323598418349,916.6281818181818,377.0874337560912,386.9209090909091,139.45429785558417,143.0909090909091,68.30957029647737,70.0909090909091,64.85422238264779,66.54545454545455,6.290505176459006,6.454545454545454,1ca811f0-5242-46e4-922e-f057f7e08659,KIF - HIL : 2025-8-29
HIK,11,940.4166666666666,104952.29000000001,15342.03,5973.54,2278.62,874,411,442,21,10044.171307044751,9541.117272727273,1468.2669384138237,1394.73,571.6812760301285,543.0490909090909,218.06908285334515,207.1472727272727,83.64377492246345,79.45454545454545,39.33362871067789,37.36363636363637,42.30039875941515,40.18181818181818,2.0097474523704033,1.9090909090909092,930de9a3-a682-4d6a-9ee5-6af3b3fbf876,HVI - HIK : 2025-8-29
HVI,10,905.8666666666667,98958.5,15079.66,5719.67,1978.51,790,456,309,25,9831.761480718282,9895.85,1498.1999558433913,1507.966,568.26276861937,571.967,196.56965705033852,197.851,78.48837209302326,79.0,45.30468060052988,45.6,30.699882249043274,30.9,2.483809243450103,2.5,930de9a3-a682-4d6a-9ee5-6af3b3fbf876,HVI - HIK : 2025-8-29
LBK,11,938.1333333333333,103568.29000000001,16135.75,6547.4,2528.06,985,481,447,57,9935.843625639569,9415.299090909091,1547.986249289369,1466.8863636363637,628.1260659465605,595.2181818181817,242.5299175667993,229.82363636363635,94.49616259238203,89.54545454545455,46.14482660602615,43.72727272727273,42.88303013075611,40.63636363636363,5.468305855599772,5.181818181818182,a11585eb-26e9-4742-83f0-a7ad0880244f,MID - LBK : 2025-8-30
MID,9,827.5333333333333,87332.22,13245.54,5671.6,1976.12,808,478,287,43,9497.98574075566,9703.58,1440.5445097881254,1471.7266666666667,616.8259083219207,630.1777777777778,214.91678079432853,219.56888888888886,87.87561427535648,89.77777777777777,51.98582131636188,53.111111111111114,31.213244179489244,31.88888888888889,4.6765487795053575,4.777777777777778,a11585eb-26e9-4742-83f0-a7ad0880244f,MID - LBK : 2025-8-30
ACH,7,671.1833333333333,68830.81,10681.39,3704.6,1403.04,530,342,156,32,9229.628616125749,9832.972857142857,1432.283926398649,1525.912857142857,496.7554816120782,529.2285714285714,188.13578008989097,200.43428571428572,71.06851083906534,75.71428571428571,45.8593032206799,48.857142857142854,20.918278662064512,22.285714285714285,4.290928956320926,4.571428571428571,a105ef25-dba6-41d2-9805-ad4decc60df0,ACH - B93 : 2025-8-31
B93,9,822.2666666666667,89781.95,13945.83,5447.83,1801.67,720,335,336,49,9826.952529592994,9975.772222222222,1526.420504297065,1549.5366666666666,596.2842954434896,605.3144444444445,197.1991649100049,200.18555555555557,78.80655099724339,80.0,36.666936922328524,37.22222222222222,36.776390465380246,37.333333333333336,5.36322360953462,5.444444444444445,a105ef25-dba6-41d2-9805-ad4decc60df0,ACH - B93 : 2025-8-31
EFB,11,909.5833333333334,106135.85,15832.29,7648.54,4050.75,1112,564,459,89,10501.76069628951,9648.713636363636,1566.5481630783324,1439.299090909091,756.7955290884104,695.3218181818182,400.80714612918,368.25,110.02840128263857,101.0909090909091,55.80577187356848,51.27272727272727,45.41639945029775,41.72727272727273,8.806229958772331,8.090909090909092,15ee4e9f-2f0c-44e9-9f4d-a7ca1a9c5522,EFB - HBK : 2025-9-1
HBK,10,879.85,95293.6,14294.67,7444.62,2878.85,999,490,439,70,9747.597886003297,9529.36,1462.204125703245,1429.467,761.5113939876114,744.462,294.47803602886853,287.885,102.18787293288628,99.9,50.12217991703132,49.0,44.90538159913622,43.9,7.160311416718759,7.0,15ee4e9f-2f0c-44e9-9f4d-a7ca1a9c5522,EFB - HBK : 2025-9-1
ARF,11,939.0,111374.23,19568.72,8599.77,3681.12,1334,634,647,53,10674.846325878594,10124.93,1875.5961661341853,1778.9745454545455,824.2591054313099,781.7972727272728,352.8230031948882,334.6472727272727,127.85942492012781,121.27272727272727,60.7667731629393,57.63636363636363,62.01277955271566,58.81818181818182,5.079872204472844,4.818181818181818,5ad71758-7203-470f-b879-4b6f8c6b29ea,B93 - ARF : 2025-9-12
B93,11,933.9833333333333,115851.64,21890.19,10227.15,4233.3,1602,937,622,43,11163.633469547993,10531.967272727272,2109.370723960099,1990.0172727272727,985.503131747533,929.7409090909091,407.92697942504327,384.8454545454546,154.37106300968966,145.63636363636363,90.29069041203448,85.18181818181819,59.936829707882005,56.54545454545455,4.143542889773193,3.909090909090909,5ad71758-7203-470f-b879-4b6f8c6b29ea,B93 - ARF : 2025-9-12
ACH,11,967.9,101223.70999999999,15660.619999999999,6816.17,2756.04,944,437,356,151,9412.267692943486,9202.155454545455,1456.199814030375,1423.692727272727,633.8002892860833,619.6518181818182,256.26986258911046,250.5490909090909,87.777662981713,85.81818181818181,40.63436305403451,39.72727272727273,33.10259324310363,32.36363636363637,14.040706684574854,13.727272727272727,04da124a-010e-4ca5-acc2-738a5459cbfe,HBK - ACH : 2025-9-13
HBK,11,976.4,99120.46,14832.19,5955.94,2671.18,881,406,344,131,9136.461900860304,9010.95090909091,1367.1621261777962,1348.3809090909092,548.9907824662024,541.4490909090908,246.21691929537073,242.83454545454543,81.20647275706678,80.0909090909091,37.423187218353135,36.90909090909091,31.708316263826298,31.272727272727273,12.074969274887343,11.909090909090908,04da124a-010e-4ca5-acc2-738a5459cbfe,HBK - ACH : 2025-9-13
HVI,11,1013.15,112893.56,17076.68,7968.93,3970.75,1264,712,457,95,10028.545032818438,10263.050909090909,1516.9532645708928,1552.4254545454546,707.8948822977842,724.4481818181819,352.7291121749001,360.97727272727275,112.2834723387455,114.9090909090909,63.24828505157183,64.72727272727273,40.59616048956226,41.54545454545455,8.43902679761141,8.636363636363637,b84aa8c9-181a-4e78-8236-ab5c6f7d8def,KIF - HVI : 2025-9-13
KIF,9,799.35,88758.12,14182.91,5794.71,2759.19,883,440,395,48,9993.408144117095,9862.013333333332,1596.8748358040907,1575.878888888889,652.4349784199662,643.8566666666667,310.66128729592793,306.57666666666665,99.41827735034715,98.11111111111111,49.54025145430662,48.888888888888886,44.47363482829799,43.888888888888886,5.404391067742541,5.333333333333333,b84aa8c9-181a-4e78-8236-ab5c6f7d8def,KIF - HVI : 2025-9-13
EFB,11,928.1833333333333,103528.09,16461.38,6302.65,2111.45,864,490,333,41,10038.456590831554,9411.644545454545,1596.154710815033,1496.489090909091,611.1276507873804,572.9681818181817,204.73379899804277,191.95,83.7765527643605,78.54545454545455,47.51216534089889,44.54545454545455,32.28887971126394,30.272727272727273,3.9755077121976625,3.727272727272727,a431f6a9-29a8-4686-9278-55df57ca43da,HIL - EFB : 2025-9-14
HIL,11,960.1166666666667,110945.85,17416.49,6485.63,2315.65,953,463,431,59,10399.909559602133,10085.986363636364,1632.5975315499854,1583.317272727273,607.9539292099919,589.6027272727273,217.0658079747253,210.51363636363638,89.33289357196175,86.63636363636364,43.40097557588488,42.09090909090909,40.401340114916586,39.18181818181818,5.5305778811602755,5.363636363636363,a431f6a9-29a8-4686-9278-55df57ca43da,HIL - EFB : 2025-9-14
AAB,10,861.75,95204.31,14615.92,5819.59,2048.69,807,396,365,46,9943.008877284596,9520.431,1526.4668407310703,1461.592,607.7900783289817,581.9590000000001,213.96240208877288,204.869,84.28198433420366,80.7,41.357702349869456,39.6,38.120104438642294,36.5,4.804177545691906,4.6,88bc9b93-8964-439c-8f8e-8d7817cfde15,AAB - MID : 2025-9-14
MID,11,930.3833333333333,105553.76,17810.44,7793.36,2778.83,986,585,369,32,10210.671300360067,9595.796363636364,1722.8808197338014,1619.130909090909,753.8853877434033,708.4872727272727,268.8082331655411,252.6209090909091,95.3800404851047,89.63636363636364,56.589577772602695,53.18181818181818,35.69496444118016,33.54545454545455,3.0954982713218566,2.909090909090909,88bc9b93-8964-439c-8f8e-8d7817cfde15,AAB - MID : 2025-9-14
ARF,11,959.0166666666667,97755.37,13788.66,5141.44,2650.14,867,440,370,57,9173.962878643053,8886.851818181818,1294.0123390278236,1253.5145454545454,482.5042317651761,467.40363636363634,248.7053752976139,240.92181818181817,81.3645922038199,78.81818181818181,41.292295928120815,40.0,34.72306703046523,33.63636363636363,5.3492292452338335,5.181818181818182,7dcdd3b8-f72c-4c1a-9965-fac93bdef38e,ARF - HIK : 2025-9-20
HIK,8,735.0833333333334,72296.96,9280.27,3776.1,1839.83,621,380,215,26,8851.685387144316,9037.12,1136.2307674866795,1160.03375,462.32717378981965,472.0125,225.25976646638702,229.97875,76.03219589615689,77.625,46.525337263348824,47.5,26.32354608321052,26.875,3.183312549597551,3.25,7dcdd3b8-f72c-4c1a-9965-fac93bdef38e,ARF - HIK : 2025-9-20
KIF,8,723.4333333333333,77741.47,12301.84,5318.32,2247.38,762,452,275,35,9671.564714555592,9717.68375,1530.4321061604387,1537.73,661.6349813389854,664.79,279.58927337234485,280.9225,94.7979541998802,95.25,56.23185734691057,56.5,34.211860111505324,34.375,4.354236741464314,4.375,3e304141-5c22-4db5-8f42-1efeffaf91cc,MID - KIF : 2025-9-20
MID,10,858.2166666666667,89771.63,12998.69,5363.63,2711.88,778,410,340,28,9414.22721534966,8977.163,1363.1547200590371,1299.8690000000001,562.4764919503622,536.363,284.39112112325944,271.188,81.58778863146448,77.8,42.996135397044256,41.0,35.65533179267085,34.0,2.936321441749364,2.8,3e304141-5c22-4db5-8f42-1efeffaf91cc,MID - KIF : 2025-9-20
HIL,8,725.4166666666666,77130.85,11833.33,3948.04,1130.96,495,215,256,24,9569.364503159106,9641.35625,1468.1213555427917,1479.16625,489.8200114876508,493.505,140.3143940264216,141.37,61.41298104537622,61.875,26.674325100516942,26.875,31.761056863871342,32.0,2.977599080987938,3.0,cafb3808-10eb-4ada-a1bc-ed2769c2ef05,HVI - HIL : 2025-9-20
HVI,11,977.8166666666667,106421.17,15119.27,6410.27,2206.55,873,498,331,44,9795.195384274488,9674.651818181817,1391.6047316299919,1374.479090909091,590.0127494929179,582.7518181818182,203.0948200923827,200.59545454545457,80.35248598067122,79.36363636363636,45.83681330856159,45.27272727272727,30.46583374524877,30.09090909090909,4.049838926860863,4.0,cafb3808-10eb-4ada-a1bc-ed2769c2ef05,HVI - HIL : 2025-9-20
ACH,11,974.8666666666667,99788.53,14768.9,6183.900000000001,3045.25,889,506,341,42,9212.50875333379,9071.684545454546,1363.4695342952882,1342.6272727272726,570.8996102031047,562.1727272727273,281.1384462832524,276.84090909090907,82.07276208712302,80.81818181818181,46.71408055802503,46.0,31.481228202147303,31.0,3.877453326950694,3.8181818181818183,2ee69bea-ea28-48df-8520-6050cae821d3,ACH - EFB : 2025-9-20
EFB,11,979.0166666666667,100651.55,15413.96,6789.18,2843.77,918,449,437,32,9252.793959925775,9150.14090909091,1416.9895643587954,1401.269090909091,624.1223676818577,617.1981818181819,261.4248650857153,258.52454545454543,84.39080029281082,83.45454545454545,41.27611038286717,40.81818181818182,40.17296266662127,39.72727272727273,2.9417272433223816,2.909090909090909,2ee69bea-ea28-48df-8520-6050cae821d3,ACH - EFB : 2025-9-20
HBK,10,906.0666666666667,91725.16,13346.92,5794.76,2410.04,825,469,317,39,9111.10043411081,9172.516,1325.7554263851077,1334.692,575.5960562136707,579.476,239.39033183724524,241.004,81.94761239055256,82.5,46.58597601353837,46.9,31.48774924582444,31.7,3.873887131189758,3.9,254e3568-1cca-42ff-b412-dd65c3076694,LBK - HBK : 2025-9-21
LBK,11,927.6833333333333,103979.16,16556.97,6840.1,3099.57,959,476,431,52,10087.628033991485,9452.65090909091,1606.288747956379,1505.179090909091,663.5982105962883,621.8272727272728,300.70746123856924,281.77909090909094,93.03821347083237,87.18181818181819,46.1795512118,43.27272727272727,41.81383733673488,39.18181818181818,5.0448249222974795,4.7272727272727275,254e3568-1cca-42ff-b412-dd65c3076694,LBK - HBK : 2025-9-21
AAB,10,868.2166666666667,96961.24,16520.62,7354.6,2678.54,1020,569,415,36,10051.07588351602,9696.124,1712.540034169658,1652.062,762.3834296354597,735.46,277.6594935979882,267.854,105.73397577409632,102.0,58.9829727602557,56.9,43.019215633578405,41.5,3.7317873802622232,3.6,8b13c118-e1fd-4e48-86e1-5fc0b85487b4,AAB - B93 : 2025-9-21
B93,11,962.1333333333333,111318.86,20006.21,8527.49,3298.63,1134,584,505,45,10413.003118070954,10119.896363636364,1871.4234686807094,1818.7463636363636,797.6795662416852,775.2263636363637,308.5608716740577,299.87545454545455,106.07677383592018,103.0909090909091,54.62860310421286,53.09090909090909,47.23877494456763,45.90909090909091,4.209395787139689,4.090909090909091,8b13c118-e1fd-4e48-86e1-5fc0b85487b4,AAB - B93 : 2025-9-21
HBK,11,978.6666666666666,104739.09,15389.58,6089.3099999999995,2001.02,857,434,367,56,9632.000783378748,9521.735454545455,1415.2542915531337,1399.0527272727272,559.9842302452316,553.5736363636363,184.0175068119891,181.9109090909091,78.81130790190736,77.9090909090909,39.91144414168937,39.45454545454545,33.75,33.36363636363637,5.149863760217984,5.090909090909091,45e811ff-f942-407a-a856-f9eab40c3028,HBK - HVI : 2025-9-27
HVI,11,986.0,108943.08,16132.06,6111.12,2311.48,892,461,361,70,9944.094523326572,9903.916363636365,1472.500405679513,1466.550909090909,557.8101419878296,555.5563636363636,210.9870182555781,210.13454545454545,81.41987829614604,81.0909090909091,42.07910750507099,41.90909090909091,32.951318458417845,32.81818181818182,6.389452332657201,6.363636363636363,45e811ff-f942-407a-a856-f9eab40c3028,HBK - HVI : 2025-9-27
B93,10,874.5,104285.8,19269.25,7899.36,3437.8799999999997,1192,568,574,50,10732.672384219553,10428.58,1983.1132075471696,1926.925,812.970154373928,789.9359999999999,353.81269296740993,343.78799999999995,122.67581475128645,119.2,58.45626072041166,56.8,59.073756432247,57.4,5.145797598627787,5.0,01f204ce-4ce7-40c3-a2dd-7c8cc3351b28,B93 - MID : 2025-9-27
MID,11,957.1166666666667,110939.56,19213.96,8820.34,3743.43,1332,794,494,44,10431.91571908684,10085.414545454545,1806.7352290734323,1746.7236363636364,829.3979487000888,801.8490909090909,352.0037961237745,340.3118181818182,125.25118846535602,121.0909090909091,74.6617444755951,72.18181818181819,46.45201734375816,44.90909090909091,4.137426646002751,4.0,01f204ce-4ce7-40c3-a2dd-7c8cc3351b28,B93 - MID : 2025-9-27
ACH,11,956.6333333333333,107964.59,18807.53,7091.19,2459.62,1009,510,447,52,10157.301404230113,9814.962727272727,1769.411164152061,1709.7754545454545,667.1386807902715,644.6536363636363,231.4008850482595,223.60181818181817,94.92665249660267,91.72727272727273,47.980765880344265,46.36363636363637,42.05373009512527,40.63636363636363,4.89215652113314,4.7272727272727275,24601f54-4fbc-4a38-b77f-0929957879e3,HIL - ACH : 2025-9-27
HIL,10,912.2333333333333,104047.97,17743.5,6228.860000000001,1808.6499999999999,849,480,323,46,10265.265429166515,10404.797,1750.5554134541603,1774.35,614.5329045931231,622.8860000000001,178.43954397632183,180.86499999999998,83.76146453758176,84.9,47.35630503891549,48.0,31.866846932436875,32.3,4.538312566229401,4.6,24601f54-4fbc-4a38-b77f-0929957879e3,HIL - ACH : 2025-9-27
AAB,8,761.75,78722.26000000001,12139.06,4982.54,2164.06,742,336,372,34,9300.956219232032,9840.282500000001,1434.2177879881851,1517.3825,588.6821135543157,622.8175,255.68152280932063,270.5075,87.66655726944536,92.75,39.6980636691828,42.0,43.951427633738106,46.5,4.01706596652445,4.25,5fc5be42-790d-4ea5-843f-43a3c767b63b,LBK - AAB : 2025-9-27
LBK,11,1021.3333333333334,112888.15,18275.47,7405.97,3403.74,1128,677,394,57,9947.715567885116,10262.55909090909,1610.4363250652743,1661.4063636363637,652.6148498694517,673.27,299.9379242819843,309.4309090909091,99.3994778067885,102.54545454545455,59.657310704960835,61.54545454545455,34.71932114882507,35.81818181818182,5.022845953002611,5.181818181818182,5fc5be42-790d-4ea5-843f-43a3c767b63b,LBK - AAB : 2025-9-27
HIK,11,994.25,103760.45999999999,15170.33,5977.88,2800.34,856,447,356,53,9392.447975861201,9432.76909090909,1373.2257480512949,1379.120909090909,541.1206437012825,543.4436363636364,253.48815690218757,254.57636363636365,77.48554186572794,77.81818181818181,40.46266029670606,40.63636363636363,32.22529544883078,32.36363636363637,4.797586120191099,4.818181818181818,1bbfd6ba-502d-4adc-9bf3-718d899450ef,HIK - KIF : 2025-9-28
KIF,11,926.0166666666667,99401.81,16581.739999999998,6857.2,2526.42,937,469,421,47,9660.909162902035,9036.528181818181,1611.587192455139,1507.430909090909,666.4545274563093,623.3818181818182,245.5439606918522,229.67454545454547,91.06747538741203,85.18181818181819,45.582332931372726,42.63636363636363,40.91719011536869,38.27272727272727,4.567952340670614,4.2727272727272725,1bbfd6ba-502d-4adc-9bf3-718d899450ef,HIK - KIF : 2025-9-28
AAB,10,891.7666666666667,100264.19,16642.6,7278.1,2706.5,1070,497,531,42,10118.989010578252,10026.419,1679.6254625649458,1664.2599999999998,734.5295854670505,727.8100000000001,273.1488057414122,270.65,107.98788920868688,107.0,50.15886068852091,49.7,53.59025156057264,53.1,4.2387769595933165,4.2,7913086a-1c20-4df1-9eb6-f7f5646a5ad0,AAB - HBK : 2025-10-2
HBK,10,866.2166666666667,93927.67,14661.17,7046.03,3019.9,1043,624,378,41,9759.094491370519,9392.767,1523.2970580878534,1466.117,732.0832355261385,704.603,313.767917957401,301.99,108.36780636099513,104.3,64.83366363304023,62.4,39.27423854693783,37.8,4.259904181017066,4.1,7913086a-1c20-4df1-9eb6-f7f5646a5ad0,AAB - HBK : 2025-10-2
ACH,10,914.5166666666667,99738.39,16225.779999999999,6641.9400000000005,2243.98,896,475,365,56,9815.518324798164,9973.839,1596.8218548960288,1622.578,653.6508538207797,664.1940000000001,220.83599715696818,224.398,88.17772593902062,89.6,46.746004264547764,47.5,35.92061380328407,36.5,5.511107871188789,5.6,1029b9ba-9872-4e52-8533-875d8de7c1f1,ACH - HIK : 2025-10-3
HIK,11,1005.95,107825.97,16504.57,5480.16,1613.62,724,417,260,47,9646.93801878821,9802.360909090909,1476.6253789949797,1500.4154545454546,490.29713206421786,498.1963636363636,144.36681743625428,146.69272727272727,64.77459118246433,65.81818181818181,37.30801729708236,37.90909090909091,23.26159351856454,23.636363636363637,4.204980366817436,4.2727272727272725,1029b9ba-9872-4e52-8533-875d8de7c1f1,ACH - HIK : 2025-10-3
EFB,9,807.5333333333333,87302.88,13933.6,6069.38,2720.0699999999997,938,496,395,47,9729.95030132915,9700.32,1552.9067943531743,1548.177777777778,676.4354825394205,674.3755555555556,303.1531825311648,302.22999999999996,104.54057624040288,104.22222222222223,55.27945182861389,55.111111111111114,44.022950548996945,43.888888888888886,5.238173862792042,5.222222222222222,ea83e7cb-a5d0-4fe0-8e07-acf11e9724ae,KIF - EFB : 2025-10-4
KIF,11,948.9,108678.42,18991.19,7776.04,3350.42,1186,624,492,70,10307.785646538097,9879.856363636363,1801.2510275055324,1726.471818181818,737.5314574770788,706.9127272727272,317.77616187164085,304.58363636363634,112.48814416693014,107.81818181818181,59.18431868479292,56.72727272727273,46.664558963009796,44.72727272727273,6.6392665191274105,6.363636363636363,ea83e7cb-a5d0-4fe0-8e07-acf11e9724ae,KIF - EFB : 2025-10-4
ARF,10,874.4833333333333,100325.37,15919.49,7541.9800000000005,3366.0699999999997,1175,551,560,64,10325.277744954163,10032.537,1638.400693742972,1591.949,776.2048447654806,754.1980000000001,346.4289008748022,336.60699999999997,120.92854828565437,117.5,56.70777030246431,55.1,57.634031523375704,56.0,6.586746459814366,6.4,07bce8ec-67a5-4803-a692-f25c4c7d2f42,ARF - B93 : 2025-10-4
B93,11,960.9333333333333,108361.3,18489.09,8433.9,3267.9,1261,707,469,85,10149.004787012627,9851.027272727273,1731.6686207853477,1680.8263636363636,789.9101567920078,766.7181818181817,306.0680588316914,297.08181818181816,118.10392673789372,114.63636363636364,66.21687248508395,64.27272727272727,43.92604412376856,42.63636363636363,7.9610101290412105,7.7272727272727275,07bce8ec-67a5-4803-a692-f25c4c7d2f42,ARF - B93 : 2025-10-4
HIL,11,975.1666666666666,108615.03,16735.19,6521.69,2173.82,932,376,482,74,10024.289215518715,9874.093636363636,1544.5227482481625,1521.380909090909,601.8992650828918,592.8809090909091,200.6260126474107,197.62,86.01606562980687,84.72727272727273,34.70176038284054,34.18181818181818,44.484703469492395,43.81818181818182,6.829601777473936,6.7272727272727275,b2a25a9d-4197-4cc0-be3f-5f1d77901917,MID - HIL : 2025-10-4
MID,11,979.5,102902.65,14875.46,5905.42,2282.77,843,470,313,60,9455.067381316998,9354.786363636364,1366.8110260336907,1352.3145454545454,542.6113323124043,536.8563636363637,209.74915773353752,207.52454545454546,77.45788667687596,76.63636363636364,43.18529862174579,42.72727272727273,28.75957120980092,28.454545454545453,5.51301684532925,5.454545454545454,b2a25a9d-4197-4cc0-be3f-5f1d77901917,MID - HIL : 2025-10-4
HVI,11,1048.1666666666667,109213.45,16520.47,7033.67,3370.25,972,516,406,50,9377.526315789473,9928.495454545455,1418.5170615360153,1501.8609090909092,603.9404992844649,639.4245454545454,289.3838448083956,306.3863636363636,83.46000954046748,88.36363636363636,44.305930990618535,46.90909090909091,34.86086818254094,36.90909090909091,4.2932103673079975,4.545454545454546,28288cd0-851d-4fd4-b95e-fa7fbc016df6,HVI - LBK : 2025-10-6
LBK,9,855.7666666666667,88797.61,13172.15,5263.29,2644.86,766,379,347,40,9338.742920578039,9866.40111111111,1385.2999259922876,1463.572222222222,553.5341798776925,584.81,278.15689635025126,293.87333333333333,80.55934249990261,85.11111111111111,39.85899583219725,42.111111111111114,36.493592490164765,38.55555555555556,4.206754177540606,4.444444444444445,28288cd0-851d-4fd4-b95e-fa7fbc016df6,HVI - LBK : 2025-10-6
EFB,11,935.9833333333333,103070.41,16743.55,7612.8,3305.09,1180,584,433,163,9910.792820384979,9370.037272727273,1609.9853986004025,1522.140909090909,732.0130344201286,692.0727272727273,317.8027742659236,300.4627272727273,113.46355882405312,107.27272727272727,56.15484606207375,53.09090909090909,41.63535675492797,39.36363636363637,15.673356007051408,14.818181818181818,e8bc2036-12c4-40c3-8411-73d9a7860e9d,EFB - HIK : 2025-10-16
HIK,11,964.5666666666667,107338.12,17708.35,7222.610000000001,3124.63,1051,507,379,165,10015.306493416732,9758.010909090908,1652.2979230742646,1609.85,673.913916439161,656.6009090909091,291.54718872032345,284.05727272727273,98.06476137816637,95.54545454545455,47.30621695407264,46.09090909090909,35.36303003075647,34.45454545454545,15.39551439333725,15.0,e8bc2036-12c4-40c3-8411-73d9a7860e9d,EFB - HIK : 2025-10-16
HBK,11,1011.9666666666667,113079.97,19258.89,8520.81,3188.59,1229,740,393,96,10056.85032445074,10279.997272727273,1712.8035508415956,1750.8081818181818,757.8045060772752,774.6190909090909,283.5795974834481,289.8718181818182,109.3020191705919,111.72727272727273,65.81244441516519,67.27272727272727,34.951744128594484,35.72727272727273,8.53783062683224,8.727272727272727,2c8d0803-51e7-44ee-9f6d-ee05365607e2,HBK - KIF : 2025-10-17
KIF,11,950.6666666666666,110628.31,19975.29,8096.91,2842.65,1113,461,583,69,10473.227103786818,10057.119090909091,1891.068828892006,1815.9354545454546,766.5377629733521,736.0827272727273,269.11483169705474,258.4227272727273,105.36816269284714,101.18181818181819,43.64305750350631,41.90909090909091,55.19284712482469,53.0,6.53225806451613,6.2727272727272725,2c8d0803-51e7-44ee-9f6d-ee05365607e2,HBK - KIF : 2025-10-17
AAB,11,959.4833333333333,107753.6,18248.12,7518.32,2545.16,1039,551,438,50,10107.33971408223,9795.781818181818,1711.6824679949275,1658.9199999999998,705.2220465875731,683.4836363636364,238.7372370546648,231.37818181818182,97.45870173183484,94.45454545454545,51.68406607722906,50.09090909090909,41.08461150966666,39.81818181818182,4.690024144939117,4.545454545454546,fb71720c-028f-453d-84e8-93d84ec65a7a,B93 - AAB : 2025-10-17
B93,10,891.3666666666667,101164.56,17449.79,7347.83,3056.5699999999997,1096,619,432,45,10214.438951422908,10116.456,1761.8799970083394,1744.979,741.8997419692607,734.783,308.6174413821472,305.657,110.66153098238661,109.6,62.499532553008486,61.9,43.618413671889606,43.2,4.5435847574885,4.5,fb71720c-028f-453d-84e8-93d84ec65a7a,B93 - AAB : 2025-10-17
ACH,11,944.7,95065.69,13239.19,6209.48,2948.9300000000003,936,397,518,21,9056.750396951413,8642.335454545455,1261.2756430612892,1203.5627272727272,591.5668466179739,564.4981818181818,280.93966338520164,268.0845454545455,89.17116544934899,85.0909090909091,37.821530644649094,36.09090909090909,49.348999682438865,47.09090909090909,2.000635122261035,1.9090909090909092,229d2220-e7eb-4389-a994-db18f231c1e4,MID - ACH : 2025-10-18
MID,11,967.0333333333333,98162.38,15032.150000000001,6893.33,2858.9,986,631,335,20,9135.79076901865,8923.852727272728,1399.014339388508,1366.559090909091,641.5494467615732,626.6663636363636,266.072524214953,259.90000000000003,91.76519251318467,89.63636363636364,58.72600048257557,57.36363636363637,31.17782909930716,30.454545454545453,1.86136293130192,1.8181818181818181,229d2220-e7eb-4389-a994-db18f231c1e4,MID - ACH : 2025-10-18
HIL,9,820.9333333333333,92960.18,15649.54,5823.55,1964.9,807,375,388,44,10191.346678577229,10328.908888888887,1715.6796329381193,1738.8377777777778,638.4434383628392,647.0611111111111,215.41456878349848,218.32222222222222,88.47247035894105,89.66666666666667,41.11174273184993,41.666666666666664,42.53694981322073,43.111111111111114,4.823777813870391,4.888888888888889,56147c99-122f-4d8c-b9e1-268aed33a3a6,HIL - HVI : 2025-10-18
HVI,11,968.0333333333333,110175.07,18391.98,7551.35,2708.9700000000003,1093,605,400,88,10243.197169518957,10015.915454545455,1709.9392582900039,1671.9981818181818,702.0641506835165,686.4863636363636,251.85837264557009,246.27,101.61840157019387,99.36363636363636,56.24806308322716,55.0,37.1888020384973,36.36363636363637,8.181536448469405,8.0,56147c99-122f-4d8c-b9e1-268aed33a3a6,HIL - HVI : 2025-10-18
ARF,10,889.05,93832.81,13716.31,5596.34,2248.65,787,445,313,29,9498.85034587481,9383.280999999999,1388.5247173949722,1371.6309999999999,566.5267420280074,559.634,227.63455373713518,224.865,79.66930993757381,78.7,45.04808503458749,44.5,31.685507001855914,31.3,2.93571790113042,2.9,f22797de-4bbf-43eb-a09e-684c1a384526,LBK - ARF : 2025-10-19
LBK,11,974.0166666666667,107390.7,18329.18,7308.48,3037.99,1080,599,444,37,9922.995499734774,9762.790909090909,1693.6324155986379,1666.2890909090909,675.3100049622695,664.4072727272727,280.7129583682688,276.1809090909091,99.79295357711196,98.18181818181819,55.348128882120434,54.45454545454545,41.02599202614603,40.36363636363637,3.418832668845502,3.3636363636363638,f22797de-4bbf-43eb-a09e-684c1a384526,LBK - ARF : 2025-10-19
HBK,11,972.5666666666667,107766.75,16680.27,7018.14,2547.2400000000002,934,518,371,45,9972.5888542345,9796.977272727272,1543.5695582136614,1516.388181818182,649.4491551564589,638.0127272727273,235.71813414675944,231.56727272727275,86.43109298419988,84.9090909090909,47.93501730815368,47.09090909090909,34.331836720704665,33.72727272727273,4.164238955341536,4.090909090909091,f90ce47c-b616-4e17-81e4-e7aa381ff4ba,HVI - HBK : 2025-10-23
HVI,11,962.8666666666667,108806.45,16956.17,7045.1900000000005,2657.63,913,436,438,39,10170.235235061968,9891.495454545455,1584.9082254379282,1541.4699999999998,658.520148168663,640.4718181818182,248.4110295644949,241.6027272727273,85.33891850723533,83.0,40.753306099840756,39.63636363636363,40.94024787094094,39.81818181818182,3.645364536453645,3.5454545454545454,f90ce47c-b616-4e17-81e4-e7aa381ff4ba,HVI - HBK : 2025-10-23
ACH,8,743.0,77441.32,12223.32,5681.62,2342.9700000000003,866,475,334,57,9380.509825033649,9680.165,1480.6174966352626,1527.915,688.2177658142665,710.2025,283.8052489905788,292.87125000000003,104.89905787348587,108.25,57.53701211305518,59.375,40.45760430686406,41.75,6.904441453566621,7.125,00cf5c86-2ded-459d-88ff-9e6beee5b378,B93 - ACH : 2025-10-24
B93,11,991.9333333333333,111581.94,19737.239999999998,7881.0,3455.8999999999996,1332,649,596,87,10124.041871093488,10143.812727272727,1790.7973654143423,1794.2945454545452,715.0581356273943,716.4545454545455,313.56038712279053,314.17272727272723,120.85489616237652,121.0909090909091,58.88500571274952,59.0,54.07621479938168,54.18181818181818,7.893675650245312,7.909090909090909,00cf5c86-2ded-459d-88ff-9e6beee5b378,B93 - ACH : 2025-10-24
KIF,11,946.2166666666667,105424.07,18047.2,8283.06,3649.28,1278,575,610,93,10027.477462878482,9584.006363636365,1716.570905183802,1640.6545454545455,787.8485195427404,753.0054545454545,347.10358797315627,331.75272727272727,121.55778274884189,116.18181818181819,54.69149067338347,52.27272727272727,58.020537931763336,55.45454545454545,8.845754143695066,8.454545454545455,574eaf45-5f38-4c89-88c9-86eedb7eb9f7,KIF - MID : 2025-10-24
MID,11,998.7333333333333,107897.70999999999,18239.78,7817.65,3784.0699999999997,1292,751,460,81,9723.109839129564,9808.882727272727,1643.6621720846404,1658.161818181818,704.4808424003738,710.6954545454545,340.9982310927174,344.00636363636363,116.42747480141513,117.45454545454545,67.67572258193712,68.27272727272727,41.45250650824377,41.81818181818182,7.29924571123423,7.363636363636363,574eaf45-5f38-4c89-88c9-86eedb7eb9f7,KIF - MID : 2025-10-24
HIK,10,889.05,96604.54000000001,14742.79,5283.52,2039.53,736,366,349,21,9779.437152016199,9660.454000000002,1492.4369832967775,1474.279,534.859456723469,528.3520000000001,206.46499072043193,203.953,74.50649569765481,73.6,37.05078454530116,36.6,35.32984646532816,34.9,2.1258646870254765,2.1,76e7dcc6-a2a6-44c1-8571-8247af9b200d,HIK - HIL : 2025-10-25
HIL,11,955.15,106771.87,16908.86,6732.7300000000005,3010.06,1052,588,416,48,10060.690258074648,9706.533636363636,1593.2548814322358,1537.169090909091,634.3984714442759,612.0663636363637,283.626027325551,273.64181818181817,99.12579176045647,95.63636363636364,55.40491022352511,53.45454545454545,39.19803172276606,37.81818181818182,4.522849814165315,4.363636363636363,76e7dcc6-a2a6-44c1-8571-8247af9b200d,HIK - HIL : 2025-10-25
AAB,10,931.0333333333333,98835.69,15929.79,7143.66,3223.31,1149,603,433,113,9554.128495220364,9883.569,1539.8816010883963,1592.979,690.554652536608,714.366,311.58701800866424,322.331,111.07013712362608,114.9,58.290071963051815,60.3,41.856718341627584,43.3,10.92334681894669,11.3,b2661f78-426d-43fa-ae1e-154f29ea2f6a,AAB - LBK : 2025-10-25
LBK,8,738.0333333333333,80538.51000000001,13742.720000000001,6320.68,3111.9900000000002,1080,510,473,97,9821.325911205457,10067.313750000001,1675.86576938711,1717.8400000000001,770.7798202429882,790.085,379.4938349668037,388.99875000000003,131.70136850187436,135.0,62.19231290366289,63.75,57.68032157535794,59.125,11.828734022853531,12.125,b2661f78-426d-43fa-ae1e-154f29ea2f6a,AAB - LBK : 2025-10-25
ARF,11,966.3,97181.27,13185.9,5493.12,2960.88,939,432,463,44,9051.344613474077,8834.66090909091,1228.1185967090967,1198.7181818181818,511.6224774914623,499.37454545454545,275.77274138466316,269.1709090909091,87.45731139397704,85.36363636363636,40.235951567836075,39.27272727272727,43.12325364793542,42.09090909090909,4.098106178205526,4.0,c2e9496e-542e-4067-8c2d-4afe9726f0e2,ARF - EFB : 2025-10-25
EFB,11,941.1833333333333,94767.5,12968.31,6890.56,3411.46,1151,623,464,64,9062.0761098617,8615.227272727272,1240.085601459156,1178.9372727272728,658.904995484408,626.4145454545455,326.2184838235555,310.13272727272727,110.06357245311753,104.63636363636364,59.57394060668308,56.63636363636363,44.36967647110907,42.18181818181818,6.119955375325389,5.818181818181818,c2e9496e-542e-4067-8c2d-4afe9726f0e2,ARF - EFB : 2025-10-25
ACH,9,820.8833333333333,85320.81,13180.86,5869.85,2095.54,778,322,410,46,9354.40224960916,9480.09,1445.1230178872354,1464.54,643.55856496051,652.2055555555556,229.75079690577223,232.83777777777777,85.29835746045926,86.44444444444444,35.30343329340345,35.77777777777778,44.951576553712464,45.55555555555556,5.04334761334335,5.111111111111111,8eead95f-1275-47ca-be40-07a7992944ad,ACH - HBK : 2025-10-31
HBK,11,1021.0833333333334,107082.5,17235.89,7371.01,2679.7,1001,590,338,73,9438.431404553987,9734.772727272728,1519.2002938055987,1566.8990909090908,649.6932016648984,670.0918181818182,236.19325879376476,243.6090909090909,88.22982126826082,91.0,52.003590957316575,53.63636363636363,29.791887700971188,30.727272727272727,6.434342609973068,6.636363636363637,8eead95f-1275-47ca-be40-07a7992944ad,ACH - HBK : 2025-10-31
AAB,11,946.45,102454.72,17144.36,6947.4,2607.55,1019,590,387,42,9742.643351471288,9314.065454545454,1630.29468012045,1558.578181818182,660.6434571292725,631.5818181818181,247.957631147974,237.05,96.89893813724971,92.63636363636364,56.10439008928099,53.63636363636363,36.80067621110465,35.18181818181818,3.9938718368640704,3.8181818181818183,0aba6abf-445c-4ec6-b87e-00b249441ae6,MID - AAB : 2025-11-1
MID,11,1005.05,109506.98999999999,17633.47,7561.4400000000005,3211.61,1098,544,505,49,9806.10825332073,9955.180909090908,1579.038157305607,1603.0427272727275,677.1101935227105,687.4036363636365,287.5925575841998,291.9645454545455,98.32346649420427,99.81818181818181,48.71399432864037,49.45454545454545,45.22163076463858,45.90909090909091,4.387841400925327,4.454545454545454,0aba6abf-445c-4ec6-b87e-00b249441ae6,MID - AAB : 2025-11-1
HIL,10,884.4,105186.48,17784.02,6142.37,1776.24,838,506,309,23,10704.18724559023,10518.648,1809.7713704206242,1778.402,625.0715739484397,614.237,180.75712347354138,177.624,85.27815468113975,83.8,51.49253731343284,50.6,31.44504748982361,30.9,2.340569877883311,2.3,2b8d9cba-8028-4b71-9ab8-7a2ffddf535a,HIL - KIF : 2025-11-1
KIF,10,923.7666666666667,109942.77,18486.58,6954.79,2437.9,981,463,469,49,10711.416266734024,10994.277,1801.0957312452642,1848.6580000000001,677.5857178941291,695.479,237.5177714430051,243.79000000000002,95.57608342655072,98.1,45.10879370692455,46.3,45.69335690831018,46.9,4.773932811315989,4.9,2b8d9cba-8028-4b71-9ab8-7a2ffddf535a,HIL - KIF : 2025-11-1
HIK,9,816.8333333333334,87408.47,13962.09,5534.33,2086.2,769,394,342,33,9630.804692919812,9712.052222222223,1538.3653540093858,1551.3433333333332,609.7813099367476,614.9255555555555,229.8608447255662,231.79999999999998,84.72964701081412,85.44444444444444,43.41154866353805,43.77777777777778,37.68210569271577,38.0,3.6359926545602934,3.6666666666666665,faa2234b-cdb3-46fb-bd95-2a75d7b35a49,LBK - HIK : 2025-11-2
LBK,11,1003.8166666666667,110839.25,18643.65,7837.900000000001,3146.54,1147,604,492,51,9937.60397815006,10076.295454545454,1671.5487555828588,1694.8772727272728,702.7289179631075,712.5363636363637,282.11187301798134,286.0490909090909,102.8375035282007,104.27272727272727,54.15331484832888,54.90909090909091,44.11164057181756,44.72727272727273,4.57254810805426,4.636363636363637,faa2234b-cdb3-46fb-bd95-2a75d7b35a49,LBK - HIK : 2025-11-2
B93,11,933.7166666666667,101892.66,16403.39,6510.95,2121.37,829,471,313,45,9821.32988236974,9262.969090909091,1581.1060814308407,1491.2172727272728,627.5838494903878,591.9045454545454,204.4766970708459,192.85181818181817,79.9064669867733,75.36363636363636,45.39921103832354,42.81818181818182,30.169751709119467,28.454545454545453,4.337504239330275,4.090909090909091,79749a4e-dec1-4ade-8044-42f55cb792ab,EFB - B93 : 2025-11-2
EFB,10,857.3833333333333,92622.94,14988.4,7297.650000000001,3147.36,1071,467,543,61,9722.680947845189,9262.294,1573.3405905565385,1498.84,766.0383336897148,729.7650000000001,330.3801100246875,314.736,112.42345897401007,107.1,49.02124681686527,46.7,56.999008611472895,54.3,6.403203545671908,6.1,79749a4e-dec1-4ade-8044-42f55cb792ab,EFB - B93 : 2025-11-2
ARF,11,924.0833333333334,100883.07,15802.34,6503.46,2488.1,981,437,505,39,9825.386923978718,9171.188181818183,1539.0501578140497,1436.5763636363636,633.3967715754351,591.2236363636364,242.325547840202,226.1909090909091,95.54333122914599,89.18181818181819,42.56109658219857,39.72727272727273,49.183875913067006,45.90909090909091,3.798358733880422,3.5454545454545454,d0f244a3-a29c-47f9-9e47-6b91117632f0,HIK - ARF : 2025-11-7
HIK,10,929.0333333333333,104191.93,16541.99,6529.39,2396.6600000000003,971,589,324,58,10093.581536363963,10419.193,1602.5034265006639,1654.199,632.5339241505508,652.9390000000001,232.1761687775825,239.66600000000003,94.06551612787484,97.1,57.059308959133155,58.9,31.387463671917047,32.4,5.618743496824656,5.8,d0f244a3-a29c-47f9-9e47-6b91117632f0,HIK - ARF : 2025-11-7
HBK,11,1016.8833333333333,114754.29,18607.17,8298.26,3190.2999999999997,1136,578,472,86,10156.412010555128,10432.208181818181,1646.841132217724,1691.560909090909,734.4435448183174,754.3872727272727,282.35982495533733,290.0272727272727,100.54250733450249,103.27272727272727,51.15631095012538,52.54545454545455,41.77470375165948,42.90909090909091,7.611492632717618,7.818181818181818,cf0ae8df-3aeb-4dff-84ab-c1e0702f9a3d,HBK - HIL : 2025-11-7
HIL,9,806.1333333333333,90157.31,14803.59,6463.280000000001,2593.16,903,474,389,40,10065.528324512074,10017.478888888889,1652.7329225934502,1644.8433333333332,721.5868342705921,718.1422222222222,289.51091630830297,288.12888888888887,100.81458815745948,100.33333333333333,52.91928547800199,52.666666666666664,43.42954019186239,43.22222222222222,4.4657624875951045,4.444444444444445,cf0ae8df-3aeb-4dff-84ab-c1e0702f9a3d,HBK - HIL : 2025-11-7
B93,11,943.5833333333334,104335.55,18039.77,8222.41,2947.13,1165,531,598,36,9951.637728517177,9485.050000000001,1720.6527951956195,1639.979090909091,784.2623686302215,747.4918181818182,281.10045041066854,267.9209090909091,111.1189614059878,105.9090909090909,50.64735494126998,48.27272727272727,57.03788748564868,54.36363636363637,3.433718979069151,3.272727272727273,7df5a371-d09c-4066-8823-66fb9b5fd24a,B93 - LBK : 2025-11-8
LBK,11,1015.4666666666667,114518.38,18554.239999999998,8858.93,3438.62,1264,700,490,74,10149.672597163864,10410.761818181818,1644.4474789915964,1686.7490909090907,785.159893644958,805.3572727272727,304.76214548319325,312.60181818181815,112.02731092436974,114.9090909090909,62.04044117647059,63.63636363636363,43.42830882352941,44.54545454545455,6.558560924369747,6.7272727272727275,7df5a371-d09c-4066-8823-66fb9b5fd24a,B93 - LBK : 2025-11-8
AAB,10,908.9833333333333,95035.95,16007.77,6639.11,2128.38,819,379,378,62,9409.672527915802,9503.595,1584.9567832193477,1600.777,657.3496763783714,663.911,210.73455692256917,212.83800000000002,81.09059572049358,81.9,37.525440510460406,37.9,37.42642879407396,37.8,6.138726415959222,6.2,d623a661-b490-41eb-be2a-8ab8c94fbc41,HVI - AAB : 2025-11-9
HVI,11,1007.0833333333334,110396.3,18067.95,8782.04,3750.72,1222,651,488,83,9865.784360777823,10036.027272727273,1614.6781961108813,1642.540909090909,784.8244269755896,798.3672727272728,335.19053371948695,340.9745454545454,109.20645428216797,111.0909090909091,58.177906495655776,59.18181818181818,43.61108812577576,44.36363636363637,7.4174596607364505,7.545454545454546,d623a661-b490-41eb-be2a-8ab8c94fbc41,HVI - AAB : 2025-11-9
EFB,10,867.2166666666667,97127.62,15361.23,7257.9400000000005,3179.95,1007,503,483,21,10079.93288874368,9712.761999999999,1594.1929544712011,1536.123,753.2311417754117,725.7940000000001,330.01614360117617,317.995,104.50675532834931,100.7,52.20148751753694,50.3,50.12588165202852,48.3,2.179386158783849,2.1,a0dfdf67-3397-42bb-96c6-14dc437cfe7b,EFB - MID : 2025-11-10
MID,11,948.9166666666666,107291.11,18088.47,8188.52,3434.74,1135,670,442,23,10176.025186616318,9753.737272727272,1715.6009133222099,1644.4063636363637,776.6401686133312,744.4109090909092,325.76791077544567,312.2490909090909,107.64907350487398,103.18181818181819,63.5461491174146,60.90909090909091,41.921489417757094,40.18181818181818,2.181434969702292,2.090909090909091,a0dfdf67-3397-42bb-96c6-14dc437cfe7b,EFB - MID : 2025-11-10
HIK,11,1045.4833333333333,116340.01,19187.19,8307.83,3568.92,1379,715,560,104,10015.081604999283,10576.364545454546,1651.7213091233718,1744.29,715.1761067448867,755.2572727272727,307.2290009405538,324.4472727272727,118.71064419965248,125.36363636363636,61.55047904477993,65.0,48.207368202904554,50.90909090909091,8.95279695196799,9.454545454545455,5c639e29-21a0-4b55-8c81-021b24eb9d93,HIK - HVI : 2025-11-20
HVI,10,960.0,104544.73999999999,17279.97,7616.18,3022.11,1161,609,489,63,9801.069375,10454.473999999998,1619.9971875,1727.997,714.016875,761.618,283.3228125,302.211,108.84375000000001,116.1,57.09375,60.9,45.84375,48.9,5.90625,6.3,5c639e29-21a0-4b55-8c81-021b24eb9d93,HIK - HVI : 2025-11-20
EFB,11,1000.7166666666667,105506.07,17301.25,7761.59,3092.92,1083,645,410,28,9488.746032010393,9591.460909090909,1555.9973685525374,1572.840909090909,698.0428359675566,705.5990909090909,278.1634495278384,281.17454545454547,97.40019652582315,98.45454545454545,58.00842729377279,58.63636363636363,36.87357393867728,37.27272727272727,2.5181952933730827,2.5454545454545454,bcf4cbca-da9f-4d4c-a58a-f243228bde8f,LBK - EFB : 2025-11-21
LBK,11,1006.9333333333333,112874.41,19679.66,8001.37,3909.5,1291,611,612,68,10088.748245497882,10261.31,1758.973847987288,1789.06,715.1648238877119,727.3972727272727,349.4322695974576,355.40909090909093,115.38996292372882,117.36363636363636,54.611361228813564,55.54545454545455,54.70074152542373,55.63636363636363,6.077860169491525,6.181818181818182,bcf4cbca-da9f-4d4c-a58a-f243228bde8f,LBK - EFB : 2025-11-21
B93,10,887.1666666666666,97693.07,16009.35,6676.85,2692.2,954,463,420,71,9910.625173774188,9769.307,1624.0933684012778,1600.935,677.3434153672741,667.6850000000001,273.1144091677625,269.21999999999997,96.7800112718392,95.4,46.96975389817773,46.3,42.60755213225625,42.0,7.202705241405223,7.1,dc9b7e93-cefb-48f1-9bca-020e663ac859,MID - B93 : 2025-11-22
MID,11,1037.2666666666667,114950.93,19348.4,7945.29,3265.69,1203,630,472,101,9973.890063628767,10450.084545454545,1678.7929815540847,1758.9454545454546,689.3850183173726,722.2990909090909,283.35249694710456,296.8809090909091,104.38010154894273,109.36363636363636,54.66289607301241,57.27272727272727,40.953788803907706,42.90909090909091,8.763416672022624,9.181818181818182,dc9b7e93-cefb-48f1-9bca-020e663ac859,MID - B93 : 2025-11-22
AAB,9,837.3833333333333,93970.45,16415.45,7017.93,2506.62,946,483,404,59,10099.723941643611,10441.16111111111,1764.2941305256454,1823.9388888888889,754.270684473459,779.77,269.40564854805643,278.5133333333333,101.67386501602212,105.11111111111111,51.91170909380411,53.666666666666664,43.42097406603905,44.888888888888886,6.34118185617897,6.555555555555555,cdb39aba-176e-4256-9296-c5c7f832a531,AAB - KIF : 2025-11-22
KIF,11,940.4166666666666,111999.96,19853.45,8772.26,3723.8999999999996,1213,655,470,88,10718.649251218432,10181.814545454547,1900.020026583961,1804.859090909091,839.525104120514,797.4781818181818,356.38564466105447,338.5363636363636,116.08684093929996,110.27272727272727,62.68498006202925,59.54545454545455,44.98006202924236,42.72727272727273,8.421798848028356,8.0,cdb39aba-176e-4256-9296-c5c7f832a531,AAB - KIF : 2025-11-22
ARF,11,971.2,104320.73,16797.43,6593.740000000001,2182.73,727,394,322,11,9667.283463756177,9483.702727272726,1556.5987438220757,1527.0390909090909,611.0343904448106,599.4309090909092,202.271107907743,198.43,67.37026359143327,66.0909090909091,36.51153212520593,35.81818181818182,29.839373970345964,29.272727272727273,1.0193574958813838,1.0,40e4ddbc-5cf0-4cbe-9d0b-bf4f287f9d8f,ARF - HBK : 2025-11-23
HBK,11,943.6333333333333,103238.74,15872.49,6573.030000000001,2139.17,721,403,304,14,9846.501042071428,9385.34,1513.8550637606413,1442.9536363636364,626.909498745982,597.5481818181819,204.02553958105196,194.47,68.76611678264864,65.54545454545455,38.436539616376415,36.63636363636363,28.994312762725635,27.636363636363637,1.3352644035465753,1.2727272727272727,40e4ddbc-5cf0-4cbe-9d0b-bf4f287f9d8f,ARF - HBK : 2025-11-23
ACH,11,939.6833333333333,102801.82,15487.9,5199.36,1622.71,670,327,297,46,9846.044376651711,9345.62,1483.383764033983,1407.990909090909,497.9788226530214,472.66909090909087,155.41820826164843,147.51909090909092,64.17055391000515,60.90909090909091,31.31906138592789,29.727272727272727,28.445753001897803,27.0,4.405739522179458,4.181818181818182,349810c1-ab8d-4059-bfaa-0d182af3c988,ACH - HIL : 2025-11-23
HIL,9,803.65,87741.72,13443.63,4554.4400000000005,1220.7,575,327,230,18,9826.111864617684,9749.08,1505.539351707833,1493.7366666666667,510.0474086978163,506.04888888888894,136.7050332856343,135.63333333333333,64.39370372674672,63.888888888888886,36.62041933677596,36.333333333333336,25.757481490698687,25.555555555555557,2.015802899272071,2.0,349810c1-ab8d-4059-bfaa-0d182af3c988,ACH - HIL : 2025-11-23
HIL,11,959.7833333333333,107409.2,17451.04,6392.93,2042.31,865,515,309,41,10071.885668640492,9764.472727272727,1636.4043273655514,1586.4581818181819,599.4724851094866,581.1754545454546,191.5097851945752,185.66454545454545,81.11205654053867,78.63636363636364,48.292149269800476,46.81818181818182,28.975289561880288,28.09090909090909,3.844617708857902,3.727272727272727,b433d9f2-371b-41dc-9a69-726ed55d7c70,HIL - LBK : 2025-11-28
LBK,11,1034.55,117874.61,19920.83,8155.53,3369.78,1246,583,602,61,10254.424532405394,10715.873636363636,1732.9995650282733,1810.9845454545457,709.4849934754241,741.4118181818181,293.1518051326664,306.3436363636364,108.39495432796869,113.27272727272727,50.7177033492823,53.0,52.370595911265774,54.72727272727273,5.306655067420618,5.545454545454546,b433d9f2-371b-41dc-9a69-726ed55d7c70,HIL - LBK : 2025-11-28
EFB,11,980.8833333333333,107667.8,17331.85,7752.030000000001,3532.44,1134,621,465,48,9878.954683703465,9787.98181818182,1590.267106179804,1575.6227272727272,711.2800027186381,704.73,324.11561007935023,321.1309090909091,104.04907141522096,103.0909090909091,56.979253394049586,56.45454545454545,42.66562452211442,42.27272727272727,4.404193499056973,4.363636363636363,715b7e50-cd16-4208-bb56-68503ded5caf,HVI - EFB : 2025-11-29
HVI,11,940.0666666666667,102957.71,16168.18,7430.85,2523.84,987,461,481,45,9856.954010353875,9359.791818181819,1547.9074533721011,1469.8345454545454,711.4139068151195,675.5318181818183,241.6271186440678,229.44000000000003,94.49329834763492,89.72727272727273,44.135167718601515,41.90909090909091,46.04992553719594,43.72727272727273,4.308205091837458,4.090909090909091,715b7e50-cd16-4208-bb56-68503ded5caf,HVI - EFB : 2025-11-29
HBK,11,978.5,108394.68,16773.27,7306.16,3126.44,1019,577,373,69,9969.873479816044,9854.061818181817,1542.7637199795606,1524.8427272727274,672.0024527337762,664.1963636363636,287.56218702095043,284.2218181818182,93.7250894225856,92.63636363636364,53.07102708226878,52.45454545454545,34.30761369443025,33.90909090909091,6.346448645886562,6.2727272727272725,fb9bcffc-ab30-466a-ae12-4cd14b038ad3,HBK - MID : 2025-11-29
MID,9,869.55,95745.74,15237.45,6380.58,2831.04,895,450,387,58,9909.85751250647,10638.415555555555,1577.1036743143004,1693.0500000000002,660.401587027773,708.9533333333334,293.0177678109367,314.56,92.6341210971192,99.44444444444444,46.575815076763845,50.0,40.055200966016905,43.0,6.003105054338452,6.444444444444445,fb9bcffc-ab30-466a-ae12-4cd14b038ad3,HBK - MID : 2025-11-29
ARF,11,942.9833333333333,105551.47,17373.09,7467.71,3122.34,1071,574,421,76,10074.019300447162,9595.588181818182,1658.118489192103,1579.3718181818183,712.7314728079323,678.8827272727273,298.0016613938034,283.84909090909093,102.21813747150003,97.36363636363636,54.78357694550982,52.18181818181818,40.180985878152676,38.27272727272727,7.253574647837537,6.909090909090909,507ddb99-3ac2-4028-a89d-246a8c8b2c1c,KIF - ARF : 2025-11-30
KIF,11,974.2166666666667,107758.11,17714.62,6938.47,3388.86,1013,495,454,64,9954.90041571861,9796.191818181818,1636.510495611859,1610.4199999999998,640.9891365712623,630.77,313.06937197406467,308.0781818181818,93.58287855199903,92.0909090909091,45.72904726874583,45.0,41.94138880810223,41.27272727272727,5.912442475150976,5.818181818181818,507ddb99-3ac2-4028-a89d-246a8c8b2c1c,KIF - ARF : 2025-11-30
AAB,11,988.45,103436.72,16926.170000000002,6575.139999999999,2566.31,963,424,487,52,9418.0836663463,9403.338181818182,1541.1556477312968,1538.7427272727275,598.6773230815922,597.7399999999999,233.66675097374676,233.30090909090907,87.68273559613536,87.54545454545455,38.605898123324394,38.54545454545455,44.34215185391269,44.27272727272727,4.734685618898275,4.7272727272727275,d45835a2-27ef-40fa-a70e-cc4cc0968ca1,ACH - AAB : 2025-11-30
ACH,11,979.6166666666667,103800.25,17049.89,6589.950000000001,2769.33,914,520,346,48,9536.406247341647,9436.386363636364,1566.4189393810502,1549.99,605.436310121306,599.0863636363637,254.4257447641084,251.75727272727272,83.97162155264814,83.0909090909091,47.77378906715212,47.27272727272727,31.787944263912756,31.454545454545453,4.409888221583272,4.363636363636363,d45835a2-27ef-40fa-a70e-cc4cc0968ca1,ACH - AAB : 2025-11-30
