team,players,minutes,Distance,Running,High Speed Running,Sprinting,No. of High Intensity Runs,No. of High Intensity Runs OTIP,No. of High Intensity Runs TIP,No. of High Intensity Runs BOP,game_id,match_description,season,competition
FCM,16,1066.4,109617.86,15568.81,6301.64,2255.94,738,332,379,27,5c8211ba-0c14-4b2b-aff0-0ec0f45bb4a5,FCM - HVI : 2023-7-21,2023,Superliga
HVI,16,1066.4333333333334,112500.21,16285.34,6242.4,2076.61,743,455,267,21,5c8211ba-0c14-4b2b-aff0-0ec0f45bb4a5,FCM - HVI : 2023-7-21,2023,Superliga
FCK,15,1103.8,116005.9,18493.93,6773.18,1871.15,736,353,358,25,a9722409-76fa-4bca-b6bb-bbee1195ad78,LBK - FCK : 2023-7-22,2023,Superliga
LBK,16,1103.7833333333333,117042.65,18636.13,6985.27,1709.4,762,426,306,30,a9722409-76fa-4bca-b6bb-bbee1195ad78,LBK - FCK : 2023-7-22,2023,Superliga
AGF,16,1079.2,113642.67,15459.49,6035.39,2297.86,708,343,344,21,b932224c-0be0-4b91-ad55-5630b54da3e2,AGF - VB : 2023-7-23,2023,Superliga
VB,16,1042.3666666666666,103939.83,14044.22,4938.38,1797.64,583,305,264,14,b932224c-0be0-4b91-ad55-5630b54da3e2,AGF - VB : 2023-7-23,2023,Superliga
OB,16,1097.5333333333333,115148.11,16884.69,6080.11,2084.45,707,323,347,37,e3c0433b-b5f3-4e12-9adf-9ba5743c52e7,OB - RFC : 2023-7-23,2023,Superliga
RFC,15,1097.5666666666666,114146.17,18112.760000000002,6809.84,1782.59,717,394,279,44,e3c0433b-b5f3-4e12-9adf-9ba5743c52e7,OB - RFC : 2023-7-23,2023,Superliga
BIF,14,1090.4166666666667,119561.35,18550.14,7454.69,1904.34,810,452,336,22,26ce3d5d-ecf3-4cab-93eb-cff5db128a54,SIF - BIF : 2023-7-23,2023,Superliga
SIF,14,1090.4333333333334,122306.67,18403.37,6884.09,2171.33,823,390,408,25,26ce3d5d-ecf3-4cab-93eb-cff5db128a54,SIF - BIF : 2023-7-23,2023,Superliga
FCN,16,1113.3833333333334,121406.75,18869.05,7916.98,2785.24,920,439,448,33,05215286-7eb5-4a1a-8cc6-742cef5cd42c,FCN - VFF : 2023-7-24,2023,Superliga
VFF,16,1113.35,114942.04,17043.24,6481.55,2570.23,804,486,286,32,05215286-7eb5-4a1a-8cc6-742cef5cd42c,FCN - VFF : 2023-7-24,2023,Superliga
LBK,16,1053.25,112473.31,17008.56,6529.23,1687.71,725,410,295,20,cbe3abfc-37d2-46df-beb9-a4d91df3e063,VFF - LBK : 2023-7-28,2023,Superliga
VFF,13,1053.25,112454.13,16778.87,5857.15,1833.68,658,299,345,14,cbe3abfc-37d2-46df-beb9-a4d91df3e063,VFF - LBK : 2023-7-28,2023,Superliga
FCK,15,1124.5666666666666,113571.45999999999,15595.460000000001,6457.4,2220.04,717,418,288,11,722dcc72-633d-474d-a980-e8147ab20e24,VB - FCK : 2023-7-29,2023,Superliga
VB,16,1124.5666666666666,110657.99,14864.84,5364.96,1855.3600000000001,656,339,293,24,722dcc72-633d-474d-a980-e8147ab20e24,VB - FCK : 2023-7-29,2023,Superliga
FCM,16,1064.7666666666667,113846.43,16308.96,7088.2699999999995,3132.17,913,480,378,55,7fd98e44-bbe5-457c-8e4f-3919f101ea8b,FCM - SIF : 2023-7-30,2023,Superliga
SIF,16,1064.7833333333333,116183.3,17236.53,7133.97,2546.65,834,393,396,45,7fd98e44-bbe5-457c-8e4f-3919f101ea8b,FCM - SIF : 2023-7-30,2023,Superliga
HVI,15,1134.0333333333333,119665.01,18637.05,6549.67,1872.74,729,380,289,60,e1eebde3-23b2-4474-8c3e-cbd559fa5b15,RFC - HVI : 2023-7-30,2023,Superliga
RFC,16,1134.0333333333333,120078.08,19420.12,6673.04,2322.73,823,412,362,49,e1eebde3-23b2-4474-8c3e-cbd559fa5b15,RFC - HVI : 2023-7-30,2023,Superliga
BIF,16,1077.7833333333333,115954.83,17297.46,6796.62,2511.4300000000003,816,449,355,12,52e7ecc3-70a8-4d6d-8930-3bb97512b6de,BIF - OB : 2023-7-30,2023,Superliga
OB,15,1077.75,119036.59,17592.350000000002,6592.26,2281.9,774,409,344,21,52e7ecc3-70a8-4d6d-8930-3bb97512b6de,BIF - OB : 2023-7-30,2023,Superliga
AGF,16,1179.3333333333333,124522.78,18979.07,7482.45,2356.35,817,450,333,34,78a54aae-6058-4ddf-b4eb-f453033d0bb0,AGF - FCN : 2023-7-31,2023,Superliga
FCN,16,1179.3333333333333,125160.27,21231.46,7709.35,2425.05,862,449,383,30,78a54aae-6058-4ddf-b4eb-f453033d0bb0,AGF - FCN : 2023-7-31,2023,Superliga
SIF,14,1058.3333333333333,119928.68,18086.43,7089.0,2560.57,869,376,456,37,c305f32b-cd18-49c4-af31-67198eb51537,SIF - VB : 2023-8-4,2023,Superliga
VB,15,1058.3833333333334,116871.09,17933.7,7109.47,2246.26,851,545,279,27,c305f32b-cd18-49c4-af31-67198eb51537,SIF - VB : 2023-8-4,2023,Superliga
FCK,16,1057.75,116313.99,17023.26,6200.48,1809.49,722,353,342,27,801e0ca7-829d-4eba-856e-24be72c07547,FCK - RFC : 2023-8-5,2023,Superliga
RFC,16,1057.7666666666667,111418.67,16086.2,5108.36,1390.77,579,345,216,18,801e0ca7-829d-4eba-856e-24be72c07547,FCK - RFC : 2023-8-5,2023,Superliga
AGF,16,1103.05,118110.88,17972.56,6635.87,1737.4299999999998,768,354,388,26,828b6629-8b9f-4989-8719-6d3fb48952ba,HVI - AGF : 2023-8-6,2023,Superliga
HVI,14,1103.1,115193.92,17354.58,7091.01,1858.69,823,500,297,26,828b6629-8b9f-4989-8719-6d3fb48952ba,HVI - AGF : 2023-8-6,2023,Superliga
FCM,16,976.9666666666667,99106.17,13650.91,5175.52,1954.96,629,411,199,19,6fa239b8-e8bf-4dfa-94fa-68faad1718a3,LBK - FCM : 2023-8-6,2023,Superliga
LBK,16,1068.9666666666667,108865.81,15750.86,5318.74,2028.8899999999999,706,283,401,22,6fa239b8-e8bf-4dfa-94fa-68faad1718a3,LBK - FCM : 2023-8-6,2023,Superliga
BIF,14,1080.3333333333333,116570.3,18393.170000000002,6852.65,2654.5,803,507,288,8,fe9f3727-14b4-46fb-9beb-b032f32f288e,FCN - BIF : 2023-8-6,2023,Superliga
FCN,16,1080.3,121600.89,20826.88,7818.38,2955.59,923,465,444,14,fe9f3727-14b4-46fb-9beb-b032f32f288e,FCN - BIF : 2023-8-6,2023,Superliga
OB,16,1069.7166666666667,115785.15,17513.79,6889.43,2130.8,752,423,305,24,1de25a06-1c4e-4da4-8f53-3b3a6082b768,OB - VFF : 2023-8-7,2023,Superliga
VFF,16,1069.7,119325.26,18880.95,7150.5,2155.71,791,409,350,32,1de25a06-1c4e-4da4-8f53-3b3a6082b768,OB - VFF : 2023-8-7,2023,Superliga
FCK,16,1101.0666666666666,122943.52,17833.74,6376.04,1850.79,709,367,332,10,a283bec8-f6d3-451f-86b3-05c3bd60a054,FCK - OB : 2023-8-11,2023,Superliga
OB,15,1101.0833333333333,119483.01,15659.650000000001,5244.61,1513.58,557,334,218,5,a283bec8-f6d3-451f-86b3-05c3bd60a054,FCK - OB : 2023-8-11,2023,Superliga
FCN,16,1057.25,115597.26,16586.95,5485.62,1505.06,648,250,382,16,2fca3455-18a5-48f0-9cf1-d7321e7a8879,RFC - FCN : 2023-8-13,2023,Superliga
RFC,16,1057.2333333333333,111665.11,16645.98,5922.03,1404.79,674,484,171,19,2fca3455-18a5-48f0-9cf1-d7321e7a8879,RFC - FCN : 2023-8-13,2023,Superliga
FCM,16,1067.5666666666666,102697.05,13737.85,5585.55,2307.04,733,435,265,33,98b3a473-1439-4eb1-b6b5-e3a320256496,VB - FCM : 2023-8-13,2023,Superliga
VB,16,1087.3333333333333,102422.92,13951.69,5429.37,2023.8,664,288,349,27,98b3a473-1439-4eb1-b6b5-e3a320256496,VB - FCM : 2023-8-13,2023,Superliga
BIF,15,1070.4833333333333,112879.41,15286.29,6097.39,1839.68,670,295,359,16,731e3cd8-f8e1-4a76-96d3-362f1f41168c,BIF - LBK : 2023-8-13,2023,Superliga
LBK,16,1023.0,106944.1,14217.19,5052.59,1510.55,536,323,200,13,731e3cd8-f8e1-4a76-96d3-362f1f41168c,BIF - LBK : 2023-8-13,2023,Superliga
AGF,14,1143.2166666666667,121465.9,18575.68,7378.3,2343.5,842,419,391,32,62450a59-e3db-4385-bf3f-71d4955b558f,AGF - SIF : 2023-8-13,2023,Superliga
SIF,16,1143.2,124019.38,19435.13,7462.09,2463.41,861,442,401,18,62450a59-e3db-4385-bf3f-71d4955b558f,AGF - SIF : 2023-8-13,2023,Superliga
HVI,15,1062.9,113021.11,17708.62,7115.23,1836.98,756,502,239,15,66c2c3be-3c4d-41b4-9e62-2aa032e8e196,VFF - HVI : 2023-8-14,2023,Superliga
VFF,15,1062.9,112634.38,17353.1,6148.82,2239.62,768,311,441,16,66c2c3be-3c4d-41b4-9e62-2aa032e8e196,VFF - HVI : 2023-8-14,2023,Superliga
FCK,16,1090.8,125242.79,20563.75,6589.82,1782.6,740,344,389,7,ccf589b2-15fc-4fdc-9b1f-8955e337a76a,HVI - FCK : 2023-8-18,2023,Superliga
HVI,15,1100.7166666666667,119955.99,18152.99,7169.02,2001.83,796,554,238,4,ccf589b2-15fc-4fdc-9b1f-8955e337a76a,HVI - FCK : 2023-8-18,2023,Superliga
FCN,16,1052.6833333333334,118998.20999999999,17710.02,6907.38,1935.9299999999998,818,491,311,16,d6867709-c38d-4314-9ae5-435f3824a803,SIF - FCN : 2023-8-20,2023,Superliga
SIF,16,1052.7,116061.12,14655.119999999999,4606.75,1741.81,597,278,302,17,d6867709-c38d-4314-9ae5-435f3824a803,SIF - FCN : 2023-8-20,2023,Superliga
LBK,15,1140.15,113782.72,14657.82,5365.4,1658.29,685,282,295,108,820a7ba9-2e5a-4a40-8e74-fe3176b014d1,LBK - RFC : 2023-8-20,2023,Superliga
RFC,16,1140.15,113655.55,17027.64,5813.68,1563.8700000000001,742,384,246,112,820a7ba9-2e5a-4a40-8e74-fe3176b014d1,LBK - RFC : 2023-8-20,2023,Superliga
BIF,16,1057.75,108682.53,15724.87,5732.27,2355.8,736,345,371,20,ad973e17-dd4b-455c-a876-0f064ec8ec11,FCM - BIF : 2023-8-20,2023,Superliga
FCM,15,1057.7666666666667,104800.09,13702.08,5684.92,1890.98,699,417,272,10,ad973e17-dd4b-455c-a876-0f064ec8ec11,FCM - BIF : 2023-8-20,2023,Superliga
AGF,14,1071.5333333333333,114820.86,15909.94,5470.14,1386.69,591,297,270,24,cedc021c-057e-41ab-a381-4828be88ee62,OB - AGF : 2023-8-20,2023,Superliga
OB,15,1071.5333333333333,112883.38,16524.81,5792.9800000000005,1519.36,681,400,257,24,cedc021c-057e-41ab-a381-4828be88ee62,OB - AGF : 2023-8-20,2023,Superliga
VB,16,1083.8166666666666,107507.95,14672.060000000001,5080.07,1557.42,604,355,232,17,161a494f-68c0-4a98-ab13-9f06b63b41af,VFF - VB : 2023-8-21,2023,Superliga
VFF,15,1083.8666666666666,110738.28,15117.29,5610.75,1692.48,654,315,311,28,161a494f-68c0-4a98-ab13-9f06b63b41af,VFF - VB : 2023-8-21,2023,Superliga
RFC,16,1089.6833333333334,112073.13,16498.62,5693.26,1296.72,646,419,205,22,a5d97288-ab07-4d84-aab8-58dfa29f5a73,RFC - VFF : 2023-8-25,2023,Superliga
VFF,15,1089.6833333333334,112364.9,16675.98,5284.21,1277.48,614,243,346,25,a5d97288-ab07-4d84-aab8-58dfa29f5a73,RFC - VFF : 2023-8-25,2023,Superliga
FCK,16,1087.35,122562.81999999999,17835.87,7512.36,1762.08,719,428,273,18,411fb474-77f6-45bf-88bf-9d91eab2d118,FCK - SIF : 2023-8-26,2023,Superliga
SIF,15,1087.35,123074.87,16125.76,5946.13,1846.9,645,285,346,14,411fb474-77f6-45bf-88bf-9d91eab2d118,FCK - SIF : 2023-8-26,2023,Superliga
AGF,14,1250.2833333333333,116501.17,16260.0,5766.04,2000.25,688,324,347,17,7d0070de-e064-40e2-acbb-38cece0d347a,AGF - LBK : 2023-8-27,2023,Superliga
LBK,16,1250.2666666666667,113133.54,16831.7,6409.14,2049.39,750,463,258,29,7d0070de-e064-40e2-acbb-38cece0d347a,AGF - LBK : 2023-8-27,2023,Superliga
HVI,16,1061.3166666666666,113761.81,16135.43,6090.78,1313.05,677,436,223,18,6dac3d40-79d3-4e8b-a9b8-18c56f8eda40,HVI - OB : 2023-8-27,2023,Superliga
OB,16,1061.3166666666666,115872.09,16567.22,5945.36,1454.92,691,302,368,21,6dac3d40-79d3-4e8b-a9b8-18c56f8eda40,HVI - OB : 2023-8-27,2023,Superliga
FCM,16,1058.3333333333333,118980.72,18860.579999999998,7240.33,2004.2099999999998,840,640,185,15,54743d86-b84d-48ff-b377-a7193daea240,FCN - FCM : 2023-8-27,2023,Superliga
FCN,16,1058.35,120411.29000000001,19053.69,6964.07,2447.37,814,308,486,20,54743d86-b84d-48ff-b377-a7193daea240,FCN - FCM : 2023-8-27,2023,Superliga
BIF,15,1139.3833333333334,114988.12,16228.39,5891.13,2615.67,748,380,339,29,da464d03-eae7-4e06-9e83-5b00aa892264,VB - BIF : 2023-8-28,2023,Superliga
VB,14,1139.4,111994.93,14496.42,5340.9,2120.71,643,367,246,30,da464d03-eae7-4e06-9e83-5b00aa892264,VB - BIF : 2023-8-28,2023,Superliga
OB,16,1167.4,116820.07,16653.72,6120.34,2065.42,750,433,293,24,affaefee-d935-4acb-ba67-fa578418eec3,OB - VB : 2023-9-1,2023,Superliga
VB,16,1167.4333333333334,112619.81,15385.32,4983.3,1640.27,595,304,265,26,affaefee-d935-4acb-ba67-fa578418eec3,OB - VB : 2023-9-1,2023,Superliga
HVI,16,1035.4166666666667,112618.27,15506.46,5635.72,1467.22,624,384,214,26,5b7fb2bc-108e-4b97-a040-acd6c68b608f,SIF - HVI : 2023-9-3,2023,Superliga
SIF,16,1035.4333333333334,114097.17,15342.37,5677.38,1981.35,687,270,393,24,5b7fb2bc-108e-4b97-a040-acd6c68b608f,SIF - HVI : 2023-9-3,2023,Superliga
FCN,16,1163.4333333333334,121995.81999999999,18333.18,6262.21,1912.66,745,283,411,51,afe6a4da-ccf5-4af6-b9a7-f56829c9ab18,LBK - FCN : 2023-9-3,2023,Superliga
LBK,16,1163.4166666666667,118737.66,16680.079999999998,6182.1,1622.48,696,451,185,60,afe6a4da-ccf5-4af6-b9a7-f56829c9ab18,LBK - FCN : 2023-9-3,2023,Superliga
BIF,16,1128.6,119740.86,17794.23,6413.11,1985.24,726,349,345,32,337845b4-85b9-4d35-b939-74a4679a6f8a,BIF - RFC : 2023-9-3,2023,Superliga
RFC,16,1128.6,119753.6,18749.55,7116.08,1922.98,800,485,278,37,337845b4-85b9-4d35-b939-74a4679a6f8a,BIF - RFC : 2023-9-3,2023,Superliga
FCK,16,1080.55,121683.66,17650.17,5998.05,1671.29,687,312,366,9,6e32f756-ce56-46aa-949a-0596bc4c2e25,FCK - VFF : 2023-9-3,2023,Superliga
VFF,16,1080.5166666666667,121595.53,18566.01,6353.89,1295.81,634,392,235,7,6e32f756-ce56-46aa-949a-0596bc4c2e25,FCK - VFF : 2023-9-3,2023,Superliga
AGF,15,1100.8666666666666,113832.70999999999,16898.0,6302.22,1253.21,670,278,359,33,4cb20806-fa8e-4695-87ea-3d010ffec545,FCM - AGF : 2023-9-3,2023,Superliga
FCM,16,1100.8666666666666,110249.45999999999,16367.869999999999,5603.67,1651.47,675,416,234,25,4cb20806-fa8e-4695-87ea-3d010ffec545,FCM - AGF : 2023-9-3,2023,Superliga
FCM,16,1102.7166666666667,113353.15000000001,16828.67,6872.36,2347.2,783,444,309,30,f0d1652b-d5cc-438d-8626-a3810524dc97,VFF - FCM : 2023-9-15,2023,Superliga
VFF,16,1102.7166666666667,117036.61,19305.3,7414.52,2550.67,821,386,407,28,f0d1652b-d5cc-438d-8626-a3810524dc97,VFF - FCM : 2023-9-15,2023,Superliga
FCK,16,1068.6333333333334,118036.64,19398.56,7078.62,2002.99,768,464,276,28,7d7cb203-1fa5-49c8-a745-11fb6e7b608b,FCN - FCK : 2023-9-16,2023,Superliga
FCN,15,1068.65,116009.12,17597.56,6429.68,2010.4,727,376,328,23,7d7cb203-1fa5-49c8-a745-11fb6e7b608b,FCN - FCK : 2023-9-16,2023,Superliga
RFC,16,1072.65,107832.91,14412.57,5199.4800000000005,1610.31,625,363,225,37,a94bc0d9-e71b-4e64-801b-ba0f0949785e,VB - RFC : 2023-9-17,2023,Superliga
VB,16,1072.6166666666666,105433.62,13830.08,4370.02,1296.0,510,263,208,39,a94bc0d9-e71b-4e64-801b-ba0f0949785e,VB - RFC : 2023-9-17,2023,Superliga
HVI,15,1035.0333333333333,110239.72,15012.26,5915.84,1848.55,703,392,299,12,227d6fdf-d6e4-4058-8003-5ac03e373c8f,HVI - LBK : 2023-9-17,2023,Superliga
LBK,14,1035.0666666666666,111780.26000000001,15354.1,5624.15,1747.99,695,346,341,8,227d6fdf-d6e4-4058-8003-5ac03e373c8f,HVI - LBK : 2023-9-17,2023,Superliga
AGF,16,993.2,105608.97,14832.470000000001,5178.72,1501.41,600,344,232,24,4965ce7f-1c87-40fe-aecb-aba1e6ab9d18,AGF - BIF : 2023-9-17,2023,Superliga
BIF,15,1067.9166666666667,108996.42,14329.11,5508.66,2002.66,640,303,310,27,4965ce7f-1c87-40fe-aecb-aba1e6ab9d18,AGF - BIF : 2023-9-17,2023,Superliga
OB,16,1057.7666666666667,114901.66,17668.82,6408.61,1774.5,721,447,270,4,4bcba389-f680-49af-ba31-be371bd35a0e,OB - SIF : 2023-9-18,2023,Superliga
SIF,16,1057.8333333333333,117116.5,15114.12,5751.91,1865.7,659,299,359,1,4bcba389-f680-49af-ba31-be371bd35a0e,OB - SIF : 2023-9-18,2023,Superliga
LBK,14,1071.0333333333333,111214.3,17328.38,5294.38,1419.58,641,310,311,20,bbd36a5f-1d31-42bb-bf8e-a15f2fe798fc,LBK - VB : 2023-9-22,2023,Superliga
VB,15,1071.0166666666667,107742.54,15823.7,4885.75,1307.62,587,315,249,23,bbd36a5f-1d31-42bb-bf8e-a15f2fe798fc,LBK - VB : 2023-9-22,2023,Superliga
BIF,16,1113.0,115993.27,18092.52,7028.49,2266.75,809,427,342,40,057019cd-3a92-487d-b33f-64ac3673c209,BIF - FCK : 2023-9-24,2023,Superliga
FCK,16,1112.9833333333333,122011.94,20342.11,7473.87,1856.19,808,423,352,33,057019cd-3a92-487d-b33f-64ac3673c209,BIF - FCK : 2023-9-24,2023,Superliga
SIF,15,1066.3833333333334,120517.29000000001,15631.87,5655.38,2114.18,698,287,399,12,f7deafa1-c020-4fa1-a446-5005e7331108,SIF - VFF : 2023-9-24,2023,Superliga
VFF,16,1066.4166666666667,118623.98,17084.03,6788.89,2399.09,783,508,261,14,f7deafa1-c020-4fa1-a446-5005e7331108,SIF - VFF : 2023-9-24,2023,Superliga
AGF,16,1080.7333333333333,116367.96,16490.85,5318.05,1310.08,595,287,281,27,9662746a-1bb1-466c-9f3c-5dd8b2e34047,RFC - AGF : 2023-9-24,2023,Superliga
RFC,16,1080.7166666666667,114215.48999999999,17147.6,5584.43,1576.43,647,351,265,31,9662746a-1bb1-466c-9f3c-5dd8b2e34047,RFC - AGF : 2023-9-24,2023,Superliga
FCM,16,1149.2666666666667,112901.76,16546.44,5925.110000000001,2015.22,721,341,349,31,1c86d342-8a6e-46b3-9bb0-a32d9a4854f5,FCM - OB : 2023-9-24,2023,Superliga
OB,16,1149.3,114732.61,18046.56,6344.46,1836.04,748,457,263,28,1c86d342-8a6e-46b3-9bb0-a32d9a4854f5,FCM - OB : 2023-9-24,2023,Superliga
FCN,15,1071.3333333333333,122711.08,18897.77,7071.03,2620.88,876,384,480,12,98da6746-fff5-409c-99a8-79c5ba20d2f1,FCN - HVI : 2023-9-25,2023,Superliga
HVI,16,1071.3333333333333,119992.6,16784.92,6171.099999999999,2121.87,712,464,239,9,98da6746-fff5-409c-99a8-79c5ba20d2f1,FCN - HVI : 2023-9-25,2023,Superliga
FCK,16,1385.6,128220.24,21534.5,7528.66,1724.75,799,358,417,24,91cd92f7-11ae-43c1-b644-def7c2c07161,FCK - FCM : 2023-9-30,2023,Superliga
FCM,16,1385.6166666666666,126702.09,19735.95,7679.56,1998.79,907,540,321,46,91cd92f7-11ae-43c1-b644-def7c2c07161,FCK - FCM : 2023-9-30,2023,Superliga
RFC,15,1084.7333333333333,116572.87,16289.24,6323.41,2239.09,772,386,345,41,75eda667-2549-42d9-ac0a-d4219a6b5da8,RFC - SIF : 2023-10-1,2023,Superliga
SIF,15,1084.75,116545.76,15590.130000000001,6201.87,2296.35,768,399,333,36,75eda667-2549-42d9-ac0a-d4219a6b5da8,RFC - SIF : 2023-10-1,2023,Superliga
FCN,13,1178.8333333333333,120670.89,16577.59,6595.280000000001,1885.06,691,312,367,12,bad09100-dc1d-4078-8909-7fa258458a67,VB - FCN : 2023-10-1,2023,Superliga
VB,16,1178.7666666666667,116956.68,16227.18,5991.04,1714.84,650,363,265,22,bad09100-dc1d-4078-8909-7fa258458a67,VB - FCN : 2023-10-1,2023,Superliga
BIF,16,1061.6833333333334,113192.38,15837.68,6189.64,2331.26,753,329,411,13,3a8bead4-ca1b-41b5-89c4-fe126a65ade8,HVI - BIF : 2023-10-1,2023,Superliga
HVI,16,1061.6166666666666,110523.72,16049.69,6327.42,1904.86,747,459,276,12,3a8bead4-ca1b-41b5-89c4-fe126a65ade8,HVI - BIF : 2023-10-1,2023,Superliga
AGF,15,1098.8666666666666,116791.23000000001,17664.82,6260.25,2247.87,728,366,340,22,ef5f79ed-45be-4119-89c9-345bd00e98dd,VFF - AGF : 2023-10-1,2023,Superliga
VFF,14,1098.9,117311.61,17609.79,6924.04,1982.05,787,448,309,30,ef5f79ed-45be-4119-89c9-345bd00e98dd,VFF - AGF : 2023-10-1,2023,Superliga
LBK,15,1087.8666666666666,116902.51000000001,16944.16,6143.22,1642.77,695,439,248,8,95887d93-477f-409a-8dc2-c56c04899bef,OB - LBK : 2023-10-2,2023,Superliga
OB,16,1087.85,114626.53,16707.0,5877.57,2004.45,737,337,389,11,95887d93-477f-409a-8dc2-c56c04899bef,OB - LBK : 2023-10-2,2023,Superliga
LBK,16,1081.85,118875.0,18395.82,7004.43,2150.81,808,475,302,31,bd1fc9a5-b1ea-4759-af81-bf3626148995,SIF - LBK : 2023-10-6,2023,Superliga
SIF,16,1081.85,119399.55,15730.630000000001,6155.98,2205.23,761,345,379,37,bd1fc9a5-b1ea-4759-af81-bf3626148995,SIF - LBK : 2023-10-6,2023,Superliga
FCN,16,1124.5333333333333,122842.25,19419.35,7788.23,2515.87,900,443,442,15,0bf4ccf2-735f-472c-8a74-ab2f8d32d091,FCN - OB : 2023-10-8,2023,Superliga
OB,16,1124.5,122827.21,18156.94,6710.0,1695.73,754,470,264,20,0bf4ccf2-735f-472c-8a74-ab2f8d32d091,FCN - OB : 2023-10-8,2023,Superliga
HVI,15,1112.0833333333333,115101.8,16769.14,5811.03,1378.75,634,357,249,28,575aacbe-7adb-4952-a168-4e3ac3df945c,VB - HVI : 2023-10-8,2023,Superliga
VB,16,1112.1,112804.5,15842.08,5714.16,1714.83,686,355,297,34,575aacbe-7adb-4952-a168-4e3ac3df945c,VB - HVI : 2023-10-8,2023,Superliga
BIF,15,1078.0,108194.63,16694.6,6552.15,1917.2,756,433,305,18,86607643-e284-4b41-9203-888796c16898,BIF - VFF : 2023-10-8,2023,Superliga
VFF,16,1078.0,111464.71,18323.81,6750.83,1868.03,794,441,333,20,86607643-e284-4b41-9203-888796c16898,BIF - VFF : 2023-10-8,2023,Superliga
FCM,16,1073.2166666666667,110857.14,17560.81,6739.0199999999995,1978.91,771,461,293,17,7b4f378f-78ff-48a2-a3e8-e8a73a8d6fe0,FCM - RFC : 2023-10-8,2023,Superliga
RFC,14,1073.2333333333333,113356.53,17839.26,5885.65,1818.56,706,352,340,14,7b4f378f-78ff-48a2-a3e8-e8a73a8d6fe0,FCM - RFC : 2023-10-8,2023,Superliga
AGF,14,1049.5833333333333,121874.88,19020.02,5886.99,1771.53,663,368,276,19,dffdbdeb-26ba-40c7-864c-ad7fecbbfa58,AGF - FCK : 2023-10-8,2023,Superliga
FCK,15,1048.7333333333333,121782.62,19538.91,6487.05,1656.99,679,351,307,21,dffdbdeb-26ba-40c7-864c-ad7fecbbfa58,AGF - FCK : 2023-10-8,2023,Superliga
HVI,16,1116.0666666666666,113120.55,16726.26,6312.92,1843.76,664,382,273,9,d393345c-695a-4100-8405-02f23f518514,HVI - SIF : 2023-10-20,2023,Superliga
SIF,14,1116.0833333333333,113218.19,14934.67,6144.37,1742.02,683,327,333,23,d393345c-695a-4100-8405-02f23f518514,HVI - SIF : 2023-10-20,2023,Superliga
FCK,16,1123.8,126041.58,19684.13,7282.96,2460.25,853,425,391,37,6c42fa01-993f-4b21-aa25-15439d00b803,FCK - VB : 2023-10-21,2023,Superliga
VB,16,1123.8,118744.25,16608.38,5622.33,1947.29,653,374,256,23,6c42fa01-993f-4b21-aa25-15439d00b803,FCK - VB : 2023-10-21,2023,Superliga
AGF,16,1057.6333333333334,112956.9,16117.1,5284.71,1531.75,618,309,267,42,04b0df16-6c58-4d67-8cb2-2df3ac0b8857,LBK - AGF : 2023-10-22,2023,Superliga
LBK,16,1057.6166666666666,108310.95,15700.06,4922.2,1242.09,588,311,244,33,04b0df16-6c58-4d67-8cb2-2df3ac0b8857,LBK - AGF : 2023-10-22,2023,Superliga
FCN,15,1084.9166666666667,113272.31,17838.44,6537.9400000000005,2021.3899999999999,710,333,346,31,3ce215ae-278f-4e1b-9c0a-e07d52cfd196,VFF - FCN : 2023-10-22,2023,Superliga
VFF,16,1084.9,113654.68000000001,18022.49,6109.599999999999,1875.22,697,405,272,20,3ce215ae-278f-4e1b-9c0a-e07d52cfd196,VFF - FCN : 2023-10-22,2023,Superliga
BIF,15,1078.0,111900.42,15670.900000000001,5831.52,2021.55,688,423,255,10,4116a93d-34e9-47e0-bff6-c631dedbef9b,RFC - BIF : 2023-10-22,2023,Superliga
RFC,16,1078.0,115879.85,18052.41,6369.04,1961.1399999999999,738,381,339,18,4116a93d-34e9-47e0-bff6-c631dedbef9b,RFC - BIF : 2023-10-22,2023,Superliga
FCM,16,1102.3833333333334,114174.15,18295.7,7269.0,2227.5099999999998,800,429,364,7,abfa3c77-5a81-41bb-80a2-eb5907f2ef29,OB - FCM : 2023-10-23,2023,Superliga
OB,16,1102.35,115180.51,17630.02,6730.9,1889.91,770,432,325,13,abfa3c77-5a81-41bb-80a2-eb5907f2ef29,OB - FCM : 2023-10-23,2023,Superliga
FCM,16,1078.6666666666667,118315.87,17696.39,7399.94,2364.98,864,446,366,52,c88d1c5b-05e2-4964-bf3f-eb75629899ee,FCM - LBK : 2023-10-27,2023,Superliga
LBK,15,1075.6166666666666,118132.85,18507.3,7407.78,2127.85,831,432,344,55,c88d1c5b-05e2-4964-bf3f-eb75629899ee,FCM - LBK : 2023-10-27,2023,Superliga
FCK,16,1068.8,126130.98999999999,21850.09,7510.849999999999,1694.16,831,323,491,17,c9432997-6225-4df3-87bd-2be3029b4371,FCK - HVI : 2023-10-28,2023,Superliga
HVI,16,1068.8,117480.89,18990.47,6929.85,1299.3999999999999,723,499,201,23,c9432997-6225-4df3-87bd-2be3029b4371,FCK - HVI : 2023-10-28,2023,Superliga
VB,16,1070.0833333333333,103377.48999999999,14890.23,5460.84,1658.44,619,348,247,24,05787663-91ef-460e-a281-2740ebeac4ce,VB - VFF : 2023-10-29,2023,Superliga
VFF,15,1070.0666666666666,108579.18,17311.42,6530.37,1848.25,741,373,342,26,05787663-91ef-460e-a281-2740ebeac4ce,VB - VFF : 2023-10-29,2023,Superliga
OB,16,1237.7833333333333,124394.62,18397.309999999998,7737.22,2281.46,801,431,352,18,71b99df1-cea0-46e7-af29-b07d43daa2ae,SIF - OB : 2023-10-29,2023,Superliga
SIF,16,1237.85,127231.7,18295.05,7892.83,2522.04,831,438,378,15,71b99df1-cea0-46e7-af29-b07d43daa2ae,SIF - OB : 2023-10-29,2023,Superliga
BIF,16,1094.0833333333333,121286.37,18790.76,6237.87,1981.27,751,390,345,16,fcb72656-d7de-46eb-bbae-b77ec7a91e17,BIF - FCN : 2023-10-29,2023,Superliga
FCN,15,1094.1,125261.07,20972.79,7198.56,2020.4099999999999,794,443,334,17,fcb72656-d7de-46eb-bbae-b77ec7a91e17,BIF - FCN : 2023-10-29,2023,Superliga
AGF,15,1146.5666666666666,123858.84999999999,20025.100000000002,7534.26,2448.72,827,421,360,46,b8a52120-244c-4830-87e8-fee64a35143c,AGF - RFC : 2023-10-30,2023,Superliga
RFC,16,1147.85,120746.02,20059.78,6725.4,2095.95,778,414,334,30,b8a52120-244c-4830-87e8-fee64a35143c,AGF - RFC : 2023-10-30,2023,Superliga
LBK,15,1105.85,113278.92,16205.75,5341.27,1447.74,609,331,236,42,bae2487a-98d1-4880-b034-ecca759e7641,LBK - OB : 2023-11-4,2023,Superliga
OB,16,1105.8333333333333,111764.85,15719.53,5178.93,1283.88,591,263,282,46,bae2487a-98d1-4880-b034-ecca759e7641,LBK - OB : 2023-11-4,2023,Superliga
FCN,16,1071.0,121473.51999999999,19184.579999999998,7674.92,2216.36,864,398,447,19,4c777538-a007-44be-8e0e-92b5b417f2d5,FCN - VB : 2023-11-5,2023,Superliga
VB,16,1070.95,116888.85,17890.91,6934.58,1635.04,736,484,236,16,4c777538-a007-44be-8e0e-92b5b417f2d5,FCN - VB : 2023-11-5,2023,Superliga
SIF,16,1112.1,116633.63,16556.170000000002,6400.12,1702.44,680,342,319,19,a4574f1a-e505-4fbb-9580-5af68e7383a2,VFF - SIF : 2023-11-5,2023,Superliga
VFF,16,1112.1,118519.24,17970.23,6332.74,1906.77,684,387,281,16,a4574f1a-e505-4fbb-9580-5af68e7383a2,VFF - SIF : 2023-11-5,2023,Superliga
FCK,16,1074.45,116027.67,17367.77,6164.95,1645.1599999999999,680,375,287,18,e6f07ae1-6b72-403a-80dc-ff72fa3e75a8,RFC - FCK : 2023-11-5,2023,Superliga
RFC,16,1074.4833333333333,114864.12,16406.989999999998,5499.5599999999995,1759.8200000000002,646,359,267,20,e6f07ae1-6b72-403a-80dc-ff72fa3e75a8,RFC - FCK : 2023-11-5,2023,Superliga
FCM,16,1084.7,110339.56,16118.78,6684.34,2487.65,848,364,473,11,f5227ee1-f9cc-4769-aed2-01ae058dd10c,HVI - FCM : 2023-11-5,2023,Superliga
HVI,16,1084.7,107940.59,16132.099999999999,7023.75,1725.96,751,491,252,8,f5227ee1-f9cc-4769-aed2-01ae058dd10c,HVI - FCM : 2023-11-5,2023,Superliga
AGF,15,1063.45,118406.13,17366.01,7077.400000000001,2790.5299999999997,812,474,322,16,47bfee4e-ac14-4327-bc12-109311add472,BIF - AGF : 2023-11-6,2023,Superliga
BIF,14,1063.5,114800.13,17004.940000000002,6603.58,2934.65,785,400,371,14,47bfee4e-ac14-4327-bc12-109311add472,BIF - AGF : 2023-11-6,2023,Superliga
RFC,15,1106.7333333333333,119076.47,19575.04,7117.29,1876.17,803,505,269,29,279f775f-8633-4343-9154-141440ca346a,SIF - RFC : 2023-11-10,2023,Superliga
SIF,14,1106.7666666666667,117112.99,17526.47,7064.32,2224.32,825,357,438,30,279f775f-8633-4343-9154-141440ca346a,SIF - RFC : 2023-11-10,2023,Superliga
BIF,15,1117.0333333333333,116886.53,17229.08,6137.47,1640.29,720,438,278,4,1ef83672-618b-4f81-923c-cff501b66b30,FCK - BIF : 2023-11-12,2023,Superliga
FCK,14,1117.05,120452.03,19045.3,6804.639999999999,1735.39,770,420,343,7,1ef83672-618b-4f81-923c-cff501b66b30,FCK - BIF : 2023-11-12,2023,Superliga
LBK,15,1080.3833333333334,110181.49,16817.62,6674.93,1820.17,752,419,308,25,a7bd823c-659d-4681-8555-1f3cf81d8512,VB - LBK : 2023-11-12,2023,Superliga
VB,16,1080.3833333333334,109860.89,16529.170000000002,6710.150000000001,1978.1100000000001,763,369,371,23,a7bd823c-659d-4681-8555-1f3cf81d8512,VB - LBK : 2023-11-12,2023,Superliga
FCM,16,1075.8,119293.55,18056.08,6769.87,2008.43,744,462,263,19,8e75723d-9709-43eb-a1d3-c55c7bfc6300,FCM - FCN : 2023-11-12,2023,Superliga
FCN,15,1075.8,121430.69,19894.92,6823.44,1853.0700000000002,723,365,341,17,8e75723d-9709-43eb-a1d3-c55c7bfc6300,FCM - FCN : 2023-11-12,2023,Superliga
HVI,14,1060.0,116050.51000000001,17924.58,7312.27,1600.05,707,450,233,24,51dae11a-3c2f-4a99-9c12-b3b202d09b7f,OB - HVI : 2023-11-12,2023,Superliga
OB,16,1060.0166666666667,114353.76,17477.91,6381.52,2060.0,722,316,384,22,51dae11a-3c2f-4a99-9c12-b3b202d09b7f,OB - HVI : 2023-11-12,2023,Superliga
AGF,15,1090.2833333333333,121783.4,18406.5,6047.6900000000005,1764.75,678,326,312,40,03fb56dd-7b35-4ad6-bceb-a05706e8e837,AGF - VFF : 2023-11-12,2023,Superliga
VFF,16,1043.2166666666667,112354.24,17875.67,6093.93,1585.46,640,360,254,26,03fb56dd-7b35-4ad6-bceb-a05706e8e837,AGF - VFF : 2023-11-12,2023,Superliga
HVI,13,1083.3666666666666,111779.43,16331.76,6373.24,1644.28,724,423,294,7,9436e5d6-94ea-415c-aa28-59377af2682c,HVI - VB : 2023-11-24,2023,Superliga
VB,16,1101.2,112496.34,16154.76,6122.77,1457.8799999999999,685,336,343,6,9436e5d6-94ea-415c-aa28-59377af2682c,HVI - VB : 2023-11-24,2023,Superliga
FCK,16,1090.45,116590.9,19346.37,7018.700000000001,2071.64,745,378,350,17,a4eb36ba-525c-401f-a71d-c32bf5fafba6,VFF - FCK : 2023-11-25,2023,Superliga
VFF,16,1090.4666666666667,118187.93000000001,19725.04,6456.76,2192.97,735,432,267,36,a4eb36ba-525c-401f-a71d-c32bf5fafba6,VFF - FCK : 2023-11-25,2023,Superliga
AGF,15,1095.95,118236.9,17832.07,5967.63,1913.99,697,442,237,18,61211eb1-eaae-4cbc-82f4-a309f981f956,FCN - AGF : 2023-11-26,2023,Superliga
FCN,15,1095.95,119617.16,19455.23,6791.01,2146.62,814,338,451,25,61211eb1-eaae-4cbc-82f4-a309f981f956,FCN - AGF : 2023-11-26,2023,Superliga
OB,14,1078.5166666666667,115224.25,15197.14,5737.82,1112.42,592,359,213,20,a044b32c-f2ff-452b-bbed-fa602035e430,RFC - OB : 2023-11-26,2023,Superliga
RFC,15,1068.3166666666666,113810.35,16991.19,5490.26,1130.47,576,266,291,19,a044b32c-f2ff-452b-bbed-fa602035e430,RFC - OB : 2023-11-26,2023,Superliga
BIF,14,1010.6333333333333,106983.56,14865.05,4671.74,1371.82,609,367,215,27,4468ab71-d3cd-4568-a27f-da2d252c83fb,LBK - BIF : 2023-11-26,2023,Superliga
LBK,15,1077.8166666666666,113954.52,16381.35,5471.4400000000005,1240.6200000000001,622,298,300,24,4468ab71-d3cd-4568-a27f-da2d252c83fb,LBK - BIF : 2023-11-26,2023,Superliga
FCM,16,1112.05,118356.66,18050.13,7820.54,2226.84,906,513,347,46,7744019a-c7a9-4612-b2d9-04b58e847aae,SIF - FCM : 2023-11-27,2023,Superliga
SIF,16,1042.5833333333333,110676.34,17133.66,5866.18,1610.03,648,311,306,31,7744019a-c7a9-4612-b2d9-04b58e847aae,SIF - FCM : 2023-11-27,2023,Superliga
RFC,14,1072.3,106784.53,14965.78,5768.42,1636.5300000000002,673,340,314,19,667e7046-4e94-40b0-8b10-2d291f8d2d41,RFC - VB : 2023-12-1,2023,Superliga
VB,14,1072.3166666666666,103091.15,13764.01,5058.64,1623.38,615,364,238,13,667e7046-4e94-40b0-8b10-2d291f8d2d41,RFC - VB : 2023-12-1,2023,Superliga
LBK,16,1112.2,117820.83,17606.86,6788.12,1689.81,761,438,294,29,a76d5dda-1910-4499-b96c-8467dbf5a8fa,LBK - SIF : 2023-12-3,2023,Superliga
SIF,15,1112.2166666666667,114553.67,16694.13,5967.32,1585.54,712,302,382,28,a76d5dda-1910-4499-b96c-8467dbf5a8fa,LBK - SIF : 2023-12-3,2023,Superliga
FCN,14,1072.6666666666667,118097.55,18335.92,6708.54,1972.53,750,398,336,16,ba87fbbd-aa1b-4c2b-a087-5c39895337cd,OB - FCN : 2023-12-3,2023,Superliga
OB,15,1072.65,114710.65,17250.15,5702.85,1656.08,665,370,273,22,ba87fbbd-aa1b-4c2b-a087-5c39895337cd,OB - FCN : 2023-12-3,2023,Superliga
BIF,16,1095.3333333333333,120143.83,18476.01,7320.36,2619.63,887,345,524,18,b50bd25f-dfb0-43f1-aee6-9409a9cf12bf,BIF - HVI : 2023-12-3,2023,Superliga
HVI,16,1095.3333333333333,117322.95999999999,18181.04,7505.92,1877.2,837,559,262,16,b50bd25f-dfb0-43f1-aee6-9409a9cf12bf,BIF - HVI : 2023-12-3,2023,Superliga
AGF,16,1110.25,122678.05,16985.71,5660.91,2035.94,675,443,210,22,28e6c60f-d69e-4845-881c-225a037ba1e9,FCK - AGF : 2023-12-3,2023,Superliga
FCK,15,1110.25,122664.05,19192.72,6393.49,1842.5800000000002,743,299,427,17,28e6c60f-d69e-4845-881c-225a037ba1e9,FCK - AGF : 2023-12-3,2023,Superliga
FCM,16,1174.2333333333333,114425.72,16524.33,6806.14,2292.27,775,376,382,17,c65d5549-01cb-4d53-94b9-4dc447c2ba40,FCM - VFF : 2023-12-4,2023,Superliga
VFF,16,1174.2,114765.06,18460.03,7004.0199999999995,2125.47,752,453,290,9,c65d5549-01cb-4d53-94b9-4dc447c2ba40,FCM - VFF : 2023-12-4,2023,Superliga
OB,15,1148.3666666666666,117486.51,15901.52,5870.11,1812.17,685,369,290,26,214e4e25-4318-40e8-8707-e7961f357816,VFF - OB : 2024-2-16,2023,Superliga
VFF,15,1148.3833333333334,113881.86,16330.55,5365.62,1589.69,605,332,258,15,214e4e25-4318-40e8-8707-e7961f357816,VFF - OB : 2024-2-16,2023,Superliga
FCN,15,1080.3333333333333,115742.46,19476.5,7553.64,2282.98,801,438,338,25,1e744cd0-b831-4748-96dc-d745b59a7452,FCN - LBK : 2024-2-18,2023,Superliga
LBK,15,1080.3166666666666,109431.27,18053.93,6331.79,2063.96,695,323,330,42,1e744cd0-b831-4748-96dc-d745b59a7452,FCN - LBK : 2024-2-18,2023,Superliga
HVI,16,1062.6,108686.68000000001,15242.64,5745.67,1424.35,619,360,236,23,538a0852-1b25-4bcf-b955-10afa7542f71,HVI - RFC : 2024-2-18,2023,Superliga
RFC,16,1062.6,110496.65000000001,15752.81,5600.37,1732.67,638,306,311,21,538a0852-1b25-4bcf-b955-10afa7542f71,HVI - RFC : 2024-2-18,2023,Superliga
FCK,15,1079.6166666666666,124834.21,19618.94,7897.67,2209.01,847,511,312,24,02331ee2-c46c-4ada-9e76-fd0c1cb783bb,SIF - FCK : 2024-2-18,2023,Superliga
SIF,16,1079.5833333333333,121825.1,18998.95,7089.37,2178.12,793,379,396,18,02331ee2-c46c-4ada-9e76-fd0c1cb783bb,SIF - FCK : 2024-2-18,2023,Superliga
BIF,14,1043.85,109538.13,14591.95,6164.27,2857.31,753,393,329,31,c89e424c-a7fc-4ea3-bcf2-266ec421da8e,BIF - FCM : 2024-2-18,2023,Superliga
FCM,16,1129.8166666666666,116077.88,16531.829999999998,6978.88,2719.2599999999998,822,410,368,44,c89e424c-a7fc-4ea3-bcf2-266ec421da8e,BIF - FCM : 2024-2-18,2023,Superliga
AGF,16,1090.05,115636.83,16537.39,6291.87,1934.52,726,326,345,55,e927154d-74ee-46b8-bf8a-bc0046e73dc4,VB - AGF : 2024-2-19,2023,Superliga
VB,16,1090.05,106650.29000000001,13784.37,5658.48,1907.28,692,376,261,55,e927154d-74ee-46b8-bf8a-bc0046e73dc4,VB - AGF : 2024-2-19,2023,Superliga
LBK,15,1052.7,110650.98,15522.460000000001,6666.5599999999995,1941.05,663,337,310,16,d4f559a3-6895-4cdc-a943-377d1878b8df,RFC - LBK : 2024-2-23,2023,Superliga
RFC,16,1052.7,112457.74,16201.43,6483.51,2382.76,744,404,326,14,d4f559a3-6895-4cdc-a943-377d1878b8df,RFC - LBK : 2024-2-23,2023,Superliga
SIF,15,1048.85,116885.37000000001,17384.79,6620.349999999999,2214.84,741,332,396,13,021f7664-16a1-4784-9c22-c6759e716f81,VB - SIF : 2024-2-25,2023,Superliga
VB,15,1048.85,112986.33,15552.24,6048.23,2353.31,729,445,258,26,021f7664-16a1-4784-9c22-c6759e716f81,VB - SIF : 2024-2-25,2023,Superliga
HVI,16,1087.1333333333334,108860.58,15243.17,5881.87,1494.7,675,401,254,20,e83dc9ed-09f0-443d-acb7-e2277de2519c,HVI - VFF : 2024-2-25,2023,Superliga
VFF,16,1087.0833333333333,106594.47,15725.77,5483.42,1573.47,586,275,298,13,e83dc9ed-09f0-443d-acb7-e2277de2519c,HVI - VFF : 2024-2-25,2023,Superliga
BIF,16,1047.6833333333334,116543.90000000001,17938.23,6298.59,2064.06,755,342,382,31,767f7adc-784f-4c4a-befa-e03be3a540db,OB - BIF : 2024-2-25,2023,Superliga
OB,16,1047.6833333333334,118596.72,18338.08,6680.73,1641.52,759,487,249,23,767f7adc-784f-4c4a-befa-e03be3a540db,OB - BIF : 2024-2-25,2023,Superliga
AGF,15,1191.4833333333333,119457.81,17782.36,5857.46,1823.17,665,224,403,38,a04ae675-949a-46d9-92b1-234115e09e9f,AGF - FCM : 2024-2-25,2023,Superliga
FCM,13,1111.0666666666666,108774.0,15730.58,6785.9,2310.5099999999998,775,491,239,45,a04ae675-949a-46d9-92b1-234115e09e9f,AGF - FCM : 2024-2-25,2023,Superliga
FCK,16,1073.2166666666667,124212.03,22565.829999999998,7692.009999999999,1733.46,796,454,307,35,2c3e8407-6eff-46b0-bf5a-b3493bf8ff57,FCK - FCN : 2024-2-26,2023,Superliga
FCN,16,1073.2166666666667,120493.65,20308.34,7136.63,2156.01,797,390,379,28,2c3e8407-6eff-46b0-bf5a-b3493bf8ff57,FCK - FCN : 2024-2-26,2023,Superliga
FCK,16,1079.1,120696.26999999999,20288.79,7557.84,1713.56,736,359,352,25,c0546b98-5b1e-4a96-ad2e-bc1390254ea5,FCM - FCK : 2024-3-1,2023,Superliga
FCM,16,1079.0833333333333,116798.04000000001,16733.19,6308.21,2423.11,751,433,278,40,c0546b98-5b1e-4a96-ad2e-bc1390254ea5,FCM - FCK : 2024-3-1,2023,Superliga
RFC,16,1034.4666666666667,108534.85,15814.25,6155.0199999999995,1767.24,694,410,259,25,47c98c73-e08c-4f4d-beaa-77bcc4b89835,VFF - RFC : 2024-3-3,2023,Superliga
VFF,16,1034.5166666666667,111304.55,16078.58,6016.11,1788.1100000000001,671,330,305,36,47c98c73-e08c-4f4d-beaa-77bcc4b89835,VFF - RFC : 2024-3-3,2023,Superliga
HVI,16,1139.0166666666667,118744.19,17939.48,7166.43,1499.71,767,450,291,26,fefc1daa-fd02-47a5-a57a-5cc23d9e395b,LBK - HVI : 2024-3-3,2023,Superliga
LBK,15,1139.0,117841.35,18372.14,6888.44,1730.66,735,350,367,18,fefc1daa-fd02-47a5-a57a-5cc23d9e395b,LBK - HVI : 2024-3-3,2023,Superliga
BIF,15,1107.6333333333334,113590.43,14498.85,5655.2300000000005,2421.12,679,323,318,38,d4a8b467-c94f-46e2-8ee0-4d703dc0495e,BIF - VB : 2024-3-3,2023,Superliga
VB,16,1107.6166666666666,111196.53,13896.41,5043.32,1711.08,593,347,213,33,d4a8b467-c94f-46e2-8ee0-4d703dc0495e,BIF - VB : 2024-3-3,2023,Superliga
AGF,16,1119.9833333333333,121675.17,20228.43,6480.98,1944.23,729,370,323,36,f1e8ec47-5054-4389-a266-1399b9b3f7c2,AGF - OB : 2024-3-3,2023,Superliga
OB,16,1119.9833333333333,116428.68,16991.49,5846.55,1535.44,656,362,265,29,f1e8ec47-5054-4389-a266-1399b9b3f7c2,AGF - OB : 2024-3-3,2023,Superliga
FCN,16,1035.8333333333333,123392.05,19667.18,8020.25,2978.46,937,484,420,33,68a82d69-46bd-4684-abd9-493fbae306cf,FCN - SIF : 2024-3-4,2023,Superliga
SIF,16,1035.8166666666666,124084.31,19902.65,7948.2,2511.01,885,493,372,20,68a82d69-46bd-4684-abd9-493fbae306cf,FCN - SIF : 2024-3-4,2023,Superliga
FCN,16,1134.9333333333334,124735.01,20399.31,7351.68,1978.42,768,417,344,7,8d796633-ebd0-44f3-8c2c-3b9822c8190a,HVI - FCN : 2024-3-8,2023,Superliga
HVI,15,1134.95,118513.92,18365.16,6683.87,1949.42,749,445,296,8,8d796633-ebd0-44f3-8c2c-3b9822c8190a,HVI - FCN : 2024-3-8,2023,Superliga
AGF,15,1105.0666666666666,127556.02,19592.96,6814.67,1715.64,729,449,241,39,58377215-a131-4927-844f-90f751c9e1f2,SIF - AGF : 2024-3-10,2023,Superliga
SIF,16,1105.05,123394.07,18065.27,6511.2699999999995,1641.56,717,311,374,32,58377215-a131-4927-844f-90f751c9e1f2,SIF - AGF : 2024-3-10,2023,Superliga
OB,15,1074.8333333333333,119906.59,16807.95,6190.47,2112.53,785,407,350,28,cd3ab21e-7a1f-49ee-bebd-80c0920d924e,VB - OB : 2024-3-10,2023,Superliga
VB,16,1074.8166666666666,114030.6,15881.45,5693.77,2095.44,732,435,281,16,cd3ab21e-7a1f-49ee-bebd-80c0920d924e,VB - OB : 2024-3-10,2023,Superliga
FCK,16,1060.1833333333334,122052.79,19774.96,7728.16,1658.88,803,350,425,28,4525dd52-d9d0-4839-9131-3f259f3b35d9,FCK - LBK : 2024-3-10,2023,Superliga
LBK,16,1060.1833333333334,114315.92,16963.01,5285.63,1195.19,601,386,195,20,4525dd52-d9d0-4839-9131-3f259f3b35d9,FCK - LBK : 2024-3-10,2023,Superliga
BIF,15,1064.0333333333333,114190.14,16388.47,5345.8,1391.02,617,319,264,34,647145f2-0217-4698-8b6d-f4aae87cbc02,VFF - BIF : 2024-3-10,2023,Superliga
VFF,15,1064.05,113653.2,17273.13,5839.02,1268.86,647,357,262,28,647145f2-0217-4698-8b6d-f4aae87cbc02,VFF - BIF : 2024-3-10,2023,Superliga
FCM,16,1038.7,112774.29,16242.24,7103.6,2428.45,775,476,268,31,b9f0a958-d093-443e-89e5-a2d3cd5d94ab,RFC - FCM : 2024-3-11,2023,Superliga
RFC,16,1038.6833333333334,110312.96,16640.86,6284.39,2412.56,744,333,389,22,b9f0a958-d093-443e-89e5-a2d3cd5d94ab,RFC - FCM : 2024-3-11,2023,Superliga
FCK,14,1067.3666666666666,122087.37,21014.78,8262.02,2562.09,886,438,417,31,5c95e293-9e49-47ce-8a42-ff3447851eda,OB - FCK : 2024-3-17,2023,Superliga
OB,15,1067.3666666666666,118998.18,19128.27,7437.57,2639.15,834,472,340,22,5c95e293-9e49-47ce-8a42-ff3447851eda,OB - FCK : 2024-3-17,2023,Superliga
FCM,16,1096.8166666666666,110592.31,14076.1,5881.56,2093.5099999999998,683,238,406,39,630a0a6f-16bb-45cd-8683-9b95c18b4d9c,FCM - VB : 2024-3-17,2023,Superliga
VB,16,1043.4833333333333,101750.72,13113.96,4866.92,2052.61,610,394,175,41,630a0a6f-16bb-45cd-8683-9b95c18b4d9c,FCM - VB : 2024-3-17,2023,Superliga
AGF,15,1037.4333333333334,120128.03,19976.34,7277.35,1831.01,789,391,358,40,70c39ee7-0588-4c7a-8d17-34a0f8fdd601,AGF - HVI : 2024-3-17,2023,Superliga
HVI,15,1037.45,111091.12,17138.82,6694.67,1493.12,725,414,279,32,70c39ee7-0588-4c7a-8d17-34a0f8fdd601,AGF - HVI : 2024-3-17,2023,Superliga
BIF,16,1037.4833333333333,118162.78,18729.05,7459.88,2504.63,900,444,429,27,81bd3ef3-d93d-4d71-a6c1-497f49ef4fcc,BIF - SIF : 2024-3-17,2023,Superliga
SIF,15,1037.4666666666667,119035.23,17535.24,6849.469999999999,2488.43,836,492,324,20,81bd3ef3-d93d-4d71-a6c1-497f49ef4fcc,BIF - SIF : 2024-3-17,2023,Superliga
LBK,15,1100.9,116941.53,18180.32,6748.52,1459.75,723,393,302,28,9d9ec075-f273-4c2b-af9a-e6e2943bb488,LBK - VFF : 2024-3-17,2023,Superliga
VFF,16,1051.05,110120.06,17612.1,6467.36,1804.7,731,402,308,21,9d9ec075-f273-4c2b-af9a-e6e2943bb488,LBK - VFF : 2024-3-17,2023,Superliga
FCN,15,1108.5833333333333,116462.76,19100.9,7251.07,1899.18,796,393,379,24,eca3bc44-52fb-46bd-91e0-38e6fb04bf59,FCN - RFC : 2024-3-17,2023,Superliga
RFC,16,1108.6,118364.72,19882.71,7604.46,2175.2,882,522,324,36,eca3bc44-52fb-46bd-91e0-38e6fb04bf59,FCN - RFC : 2024-3-17,2023,Superliga
LBK,16,1070.6666666666667,108735.42,15956.85,6648.05,2154.62,706,465,233,8,a6c2b720-9283-4bb7-9598-a0b06aa9590e,RFC - LBK : 2024-3-31,2023,Superliga
RFC,16,1070.6,111165.43,16610.17,6120.66,2207.4900000000002,719,326,375,18,a6c2b720-9283-4bb7-9598-a0b06aa9590e,RFC - LBK : 2024-3-31,2023,Superliga
HVI,16,1134.75,112203.58,17226.31,6082.46,1735.67,668,412,242,14,1aa0d582-87ef-42f1-927e-9bbbdad5cca0,VFF - HVI : 2024-3-31,2023,Superliga
VFF,16,1134.75,113727.89,17063.91,6338.76,1945.3,715,354,329,32,1aa0d582-87ef-42f1-927e-9bbbdad5cca0,VFF - HVI : 2024-3-31,2023,Superliga
BIF,15,1216.2166666666667,113068.5,15826.71,6161.24,2091.14,665,236,285,144,f1b6fc0f-6427-4efb-b48d-2afe9903ef84,FCK - BIF : 2024-4-1,2023,Superliga
FCK,14,1216.2,117942.88,17595.84,7171.41,2150.66,804,389,246,169,f1b6fc0f-6427-4efb-b48d-2afe9903ef84,FCK - BIF : 2024-4-1,2023,Superliga
FCM,16,1061.6833333333334,114923.19,19467.5,7831.63,2843.94,886,501,324,61,fe0fd68a-8711-4cad-ad0d-567be5c094f1,FCM - FCN : 2024-4-1,2023,Superliga
FCN,16,1061.65,116361.3,18641.97,7323.33,2376.11,815,387,376,52,fe0fd68a-8711-4cad-ad0d-567be5c094f1,FCM - FCN : 2024-4-1,2023,Superliga
AGF,16,1087.6666666666667,124842.65,18432.95,7302.56,2223.5,783,460,298,25,d24ade3d-35a6-4b78-ba9f-f295700cd148,SIF - AGF : 2024-4-1,2023,Superliga
SIF,16,1087.6666666666667,120338.65,17332.350000000002,6108.76,1973.05,725,329,376,20,d24ade3d-35a6-4b78-ba9f-f295700cd148,SIF - AGF : 2024-4-1,2023,Superliga
OB,16,1083.0666666666666,110704.01000000001,16599.43,6044.05,1829.94,707,313,370,24,d6ef7499-ee2f-4f7c-885a-8cc8ef59a39a,OB - VB : 2024-4-2,2023,Superliga
VB,16,1121.55,111544.95,16277.279999999999,6100.18,1969.49,783,476,272,35,d6ef7499-ee2f-4f7c-885a-8cc8ef59a39a,OB - VB : 2024-4-2,2023,Superliga
LBK,16,1049.75,106971.36,15794.6,5556.61,1497.3700000000001,652,342,261,49,27b325de-1d0d-4fac-a10a-b9b58d3c32bc,LBK - OB : 2024-4-5,2023,Superliga
OB,14,1049.7666666666667,108680.03,14912.41,5698.04,1570.19,680,306,343,31,27b325de-1d0d-4fac-a10a-b9b58d3c32bc,LBK - OB : 2024-4-5,2023,Superliga
VB,16,1098.45,104503.41,14088.03,5758.63,2131.94,631,386,223,22,1abc5a91-e7b7-4faf-adde-95087497346b,VB - VFF : 2024-4-7,2023,Superliga
VFF,16,1098.45,108124.0,15839.5,5938.1900000000005,2319.84,669,339,300,30,1abc5a91-e7b7-4faf-adde-95087497346b,VB - VFF : 2024-4-7,2023,Superliga
HVI,16,1057.65,113625.15000000001,16503.63,6614.59,1710.87,707,446,240,21,953a6d77-7c1e-45ce-9841-8cf71e4c552c,HVI - RFC : 2024-4-7,2023,Superliga
RFC,16,1057.6333333333334,115254.7,16642.46,6010.64,1973.6599999999999,726,354,352,20,953a6d77-7c1e-45ce-9841-8cf71e4c552c,HVI - RFC : 2024-4-7,2023,Superliga
FCK,16,1124.5333333333333,116931.96,19011.59,7257.150000000001,2350.96,795,484,277,34,6b6fff68-69c1-4cc4-a532-ed3a6d898c29,FCN - FCK : 2024-4-7,2023,Superliga
FCN,15,1124.5333333333333,117329.11,17134.760000000002,6595.540000000001,2221.89,718,337,337,44,6b6fff68-69c1-4cc4-a532-ed3a6d898c29,FCN - FCK : 2024-4-7,2023,Superliga
AGF,16,1100.0,116045.08,17352.43,7343.429999999999,2993.21,843,437,372,34,d5e52809-9226-4c8f-aee8-057c0af7b74a,AGF - FCM : 2024-4-7,2023,Superliga
FCM,16,1113.5,111917.93000000001,16212.46,6402.59,2688.51,774,419,330,25,d5e52809-9226-4c8f-aee8-057c0af7b74a,AGF - FCM : 2024-4-7,2023,Superliga
BIF,15,1068.6,116408.45,17191.61,6583.03,2223.89,825,516,289,20,2ce54490-f3af-4e83-ade4-8bd2819884ef,BIF - SIF : 2024-4-8,2023,Superliga
SIF,16,1068.6,118558.84,16592.51,6092.79,1881.6,738,340,380,18,2ce54490-f3af-4e83-ade4-8bd2819884ef,BIF - SIF : 2024-4-8,2023,Superliga
OB,16,1130.2166666666667,116195.54000000001,17383.13,6312.98,1526.6599999999999,683,413,251,19,a15116ae-c90a-4466-93c1-475cbb807b6d,OB - VFF : 2024-4-12,2023,Superliga
VFF,16,1130.25,115220.94,16897.51,6615.63,1806.82,663,312,323,28,a15116ae-c90a-4466-93c1-475cbb807b6d,OB - VFF : 2024-4-12,2023,Superliga
RFC,15,1070.2833333333333,113173.44,16339.3,6012.599999999999,1715.29,707,378,306,23,3171c61c-ad09-4d40-bf6f-e64169b14a5a,VB - RFC : 2024-4-14,2023,Superliga
VB,15,1070.25,110307.4,15957.64,5717.01,1930.62,680,372,284,24,3171c61c-ad09-4d40-bf6f-e64169b14a5a,VB - RFC : 2024-4-14,2023,Superliga
HVI,16,1075.4333333333334,114915.84,17130.15,6927.17,1750.45,732,393,307,32,b18d4fdb-c58b-4574-bb0e-382a0e5f034d,LBK - HVI : 2024-4-14,2023,Superliga
LBK,16,1075.4333333333334,113750.71,17281.88,7206.77,2123.34,782,405,350,27,b18d4fdb-c58b-4574-bb0e-382a0e5f034d,LBK - HVI : 2024-4-14,2023,Superliga
AGF,16,1079.2,119973.37,18580.920000000002,6765.87,2407.38,803,443,332,28,bb5e675c-3db6-422b-8835-01cdf0ab15b2,AGF - BIF : 2024-4-14,2023,Superliga
BIF,15,1079.2166666666667,115142.05,16984.56,6088.59,2472.14,744,382,338,24,bb5e675c-3db6-422b-8835-01cdf0ab15b2,AGF - BIF : 2024-4-14,2023,Superliga
FCK,16,1081.0833333333333,114947.26,17750.59,6812.43,2177.16,783,376,373,34,81ee0ab3-3962-4697-9217-1e9de3320ef7,FCM - FCK : 2024-4-14,2023,Superliga
FCM,16,1081.0666666666666,112844.97,17750.73,6522.7,2125.43,777,450,293,34,81ee0ab3-3962-4697-9217-1e9de3320ef7,FCM - FCK : 2024-4-14,2023,Superliga
FCN,15,1045.15,122326.75,19549.02,7036.2,1975.48,799,462,314,23,f842799f-b704-444b-abca-91093af0c65b,SIF - FCN : 2024-4-15,2023,Superliga
SIF,15,1045.1166666666666,119971.83,19069.39,6776.17,1988.93,796,391,382,23,f842799f-b704-444b-abca-91093af0c65b,SIF - FCN : 2024-4-15,2023,Superliga
OB,15,1082.5833333333333,117636.41,17143.51,6309.79,1739.0800000000002,687,426,233,28,19d5d334-1097-4892-bd27-70ed89e73593,RFC - OB : 2024-4-19,2023,Superliga
RFC,15,1082.55,113514.33,17116.29,6076.17,1941.76,704,290,373,41,19d5d334-1097-4892-bd27-70ed89e73593,RFC - OB : 2024-4-19,2023,Superliga
HVI,15,1092.1,113440.17,17009.45,6494.21,1668.03,684,315,343,26,0de36214-274a-4477-a83d-798bad274a04,HVI - VB : 2024-4-21,2023,Superliga
VB,15,1092.05,109415.3,16547.15,5868.4800000000005,1302.36,610,361,228,21,0de36214-274a-4477-a83d-798bad274a04,HVI - VB : 2024-4-21,2023,Superliga
LBK,15,1103.2666666666667,111702.13,16206.36,5813.58,1651.02,644,349,279,16,cfc162fd-4f9d-42f0-8a55-0adfe971e370,VFF - LBK : 2024-4-21,2023,Superliga
VFF,16,1103.2666666666667,112555.88,16908.72,6820.08,1811.68,735,394,317,24,cfc162fd-4f9d-42f0-8a55-0adfe971e370,VFF - LBK : 2024-4-21,2023,Superliga
FCK,15,1057.25,119966.07,17973.46,7528.5,1929.72,813,528,258,27,4b743d83-50a7-4ee7-83ec-84ddf4ec95b7,FCK - SIF : 2024-4-21,2023,Superliga
SIF,16,1057.2333333333333,117734.81,16655.48,5887.0199999999995,1427.8,623,300,310,13,4b743d83-50a7-4ee7-83ec-84ddf4ec95b7,FCK - SIF : 2024-4-21,2023,Superliga
BIF,15,1090.4,116408.69,17488.19,7647.58,2549.89,876,455,393,28,42dedb8d-55dd-4568-a7b5-c20d8e26feb1,BIF - FCM : 2024-4-21,2023,Superliga
FCM,16,1090.3833333333334,118198.92,19017.2,8570.0,3202.7,990,545,415,30,42dedb8d-55dd-4568-a7b5-c20d8e26feb1,BIF - FCM : 2024-4-21,2023,Superliga
AGF,16,1081.2166666666667,117271.48999999999,17430.22,6853.49,2015.57,812,508,278,26,c4753e8e-ca27-4c7c-8f55-cd00670c2b93,FCN - AGF : 2024-4-22,2023,Superliga
FCN,16,1081.2166666666667,117010.19,17640.41,5812.37,1954.52,712,334,362,16,c4753e8e-ca27-4c7c-8f55-cd00670c2b93,FCN - AGF : 2024-4-22,2023,Superliga
LBK,16,1047.3,110236.03,15837.42,5759.21,1676.35,693,358,312,23,936b366c-3f65-4cf8-a8ec-fcbbd45adc6d,LBK - VB : 2024-4-26,2023,Superliga
VB,16,1047.3166666666666,107463.11,14180.58,6280.9,1698.3600000000001,728,405,301,22,936b366c-3f65-4cf8-a8ec-fcbbd45adc6d,LBK - VB : 2024-4-26,2023,Superliga
HVI,15,1105.0833333333333,109359.45,15521.71,5392.42,1133.59,586,368,201,17,696e68ab-2a92-4b7b-b9d3-074196f8f2c0,OB - HVI : 2024-4-28,2023,Superliga
OB,16,1105.05,111988.06,15605.69,5271.22,1295.21,610,274,312,24,696e68ab-2a92-4b7b-b9d3-074196f8f2c0,OB - HVI : 2024-4-28,2023,Superliga
RFC,15,1113.2,112166.82,15381.42,5770.55,2419.32,699,430,251,18,9880b4f2-ac4b-4476-9851-3f23dc909739,VFF - RFC : 2024-4-28,2023,Superliga
VFF,16,1113.2,112388.52,16778.15,6273.5,2265.72,715,371,328,16,9880b4f2-ac4b-4476-9851-3f23dc909739,VFF - RFC : 2024-4-28,2023,Superliga
BIF,16,1103.1,111823.65000000001,15624.59,6702.38,2701.12,766,466,274,26,dbd8e6f9-f411-435a-832f-28b01914301e,FCN - BIF : 2024-4-28,2023,Superliga
FCN,15,1103.0666666666666,114611.91,17028.82,7148.610000000001,2888.63,831,426,378,27,dbd8e6f9-f411-435a-832f-28b01914301e,FCN - BIF : 2024-4-28,2023,Superliga
AGF,16,1151.6666666666667,121302.37,17491.81,6032.91,1759.72,676,364,267,45,fdfb78f8-e7e4-4411-a18d-e7a1d2774cd5,FCK - AGF : 2024-4-28,2023,Superliga
FCK,15,1151.7,118749.01,18447.37,6194.86,1541.69,684,367,280,37,fdfb78f8-e7e4-4411-a18d-e7a1d2774cd5,FCK - AGF : 2024-4-28,2023,Superliga
FCM,16,1058.9166666666667,116788.41,18434.21,7150.35,2298.56,844,550,264,30,1f76a169-b08e-49cd-ac90-b5f9253e50f4,SIF - FCM : 2024-4-29,2023,Superliga
SIF,16,1058.8666666666666,119902.5,16900.64,6021.43,2050.2,714,277,406,31,1f76a169-b08e-49cd-ac90-b5f9253e50f4,SIF - FCM : 2024-4-29,2023,Superliga
AGF,16,1078.1666666666667,116805.84,17763.93,6941.28,2829.17,780,439,307,34,b667a443-43e0-48c4-8ae6-2026b3efb548,AGF - FCN : 2024-5-3,2023,Superliga
FCN,16,1078.1833333333334,113362.01,15973.65,6232.33,2211.8,682,343,309,30,b667a443-43e0-48c4-8ae6-2026b3efb548,AGF - FCN : 2024-5-3,2023,Superliga
HVI,13,1099.8166666666666,114168.67,18503.579999999998,7384.99,1488.52,760,486,247,27,13f66015-d786-413f-83f5-ada435330f23,HVI - VFF : 2024-5-5,2023,Superliga
VFF,16,1099.8166666666666,113443.89,17191.94,6397.26,1993.6399999999999,742,327,395,20,13f66015-d786-413f-83f5-ada435330f23,HVI - VFF : 2024-5-5,2023,Superliga
LBK,15,1074.4833333333333,107778.0,14798.83,5006.33,1519.81,624,292,308,24,342a9450-a2ca-4f98-b9f7-113fb94c4bde,LBK - RFC : 2024-5-5,2023,Superliga
RFC,15,1014.0666666666667,104829.51000000001,15162.96,5778.02,1436.36,679,411,246,22,342a9450-a2ca-4f98-b9f7-113fb94c4bde,LBK - RFC : 2024-5-5,2023,Superliga
FCK,16,1107.1333333333334,121518.7,18615.45,7488.6,2419.45,866,479,366,21,c2a8b9b3-dd8a-4f94-9757-c3048c5b83ce,SIF - FCK : 2024-5-5,2023,Superliga
SIF,16,1100.4666666666667,122536.89,19334.55,6820.86,2059.23,790,443,328,19,c2a8b9b3-dd8a-4f94-9757-c3048c5b83ce,SIF - FCK : 2024-5-5,2023,Superliga
BIF,16,1085.4833333333333,109893.07,17373.2,6328.0,2305.6,793,368,401,24,64c7fb4f-4df8-4f38-9e70-c0284027aa26,FCM - BIF : 2024-5-5,2023,Superliga
FCM,16,1085.45,111907.63,17772.92,7001.0,2686.05,867,525,306,36,64c7fb4f-4df8-4f38-9e70-c0284027aa26,FCM - BIF : 2024-5-5,2023,Superliga
OB,16,1083.4166666666667,113749.88,15920.97,5542.84,1735.9099999999999,651,280,352,19,20d83ebe-fd14-4ff8-b05c-8bb42291a064,VB - OB : 2024-5-6,2023,Superliga
VB,16,1083.4333333333334,110909.95999999999,15188.51,5754.7,2370.27,721,449,243,29,20d83ebe-fd14-4ff8-b05c-8bb42291a064,VB - OB : 2024-5-6,2023,Superliga
LBK,15,1101.25,111917.83,15169.900000000001,5323.03,1298.0900000000001,614,297,294,23,6797ee41-7cd4-4caf-ba08-4e4f355ce720,OB - LBK : 2024-5-10,2023,Superliga
OB,16,1101.25,116271.1,17138.41,5318.23,1242.04,644,370,252,22,6797ee41-7cd4-4caf-ba08-4e4f355ce720,OB - LBK : 2024-5-10,2023,Superliga
VB,16,1110.2333333333333,111197.88,14975.76,5192.12,1597.3899999999999,627,414,192,21,6ea6ed6c-7f18-4d13-b061-28185e588e44,VFF - VB : 2024-5-12,2023,Superliga
VFF,15,1110.2666666666667,112464.52,15858.77,5382.75,1418.1,602,263,315,24,6ea6ed6c-7f18-4d13-b061-28185e588e44,VFF - VB : 2024-5-12,2023,Superliga
HVI,14,1094.1,112575.92,15855.16,6391.32,1995.07,716,401,281,34,d64debe7-ea44-44a3-9170-0f4370e307b7,RFC - HVI : 2024-5-12,2023,Superliga
RFC,16,1094.0666666666666,111979.18,16928.86,6959.15,2360.54,819,414,344,61,d64debe7-ea44-44a3-9170-0f4370e307b7,RFC - HVI : 2024-5-12,2023,Superliga
BIF,16,1185.6666666666667,115473.0,16327.31,5936.35,2345.1,737,369,343,25,2b2ef2d5-654f-412d-b795-94590eda9dcb,BIF - FCK : 2024-5-12,2023,Superliga
FCK,16,1189.7833333333333,119086.34999999999,17609.97,7013.45,2028.11,805,476,300,29,2b2ef2d5-654f-412d-b795-94590eda9dcb,BIF - FCK : 2024-5-12,2023,Superliga
AGF,16,1118.85,119948.38,19112.99,8669.11,2873.72,947,491,401,55,30822ca3-bc9a-4126-80fb-f0968da87993,FCM - AGF : 2024-5-12,2023,Superliga
FCM,16,1118.85,113895.03,16756.12,7435.969999999999,3045.12,867,435,401,31,30822ca3-bc9a-4126-80fb-f0968da87993,FCM - AGF : 2024-5-12,2023,Superliga
FCN,16,1089.6666666666667,124875.54,19180.8,7357.1900000000005,2511.82,873,500,348,25,05d98506-a2ff-45a0-967c-083e491f8c77,FCN - SIF : 2024-5-12,2023,Superliga
SIF,16,1089.6833333333334,121926.49,17519.88,6260.91,2200.25,755,393,343,19,05d98506-a2ff-45a0-967c-083e491f8c77,FCN - SIF : 2024-5-12,2023,Superliga
RFC,16,1073.7,110278.17,15617.57,5440.15,1816.0900000000001,663,378,262,23,a43db9e3-1834-45e8-8a80-b28b73f4bdb0,RFC - VFF : 2024-5-15,2023,Superliga
VFF,16,1073.7,110593.75,16529.65,5843.57,1442.5,622,319,284,19,a43db9e3-1834-45e8-8a80-b28b73f4bdb0,RFC - VFF : 2024-5-15,2023,Superliga
LBK,15,1073.5833333333333,103232.28,13875.52,4733.33,1936.35,586,323,248,15,fe441f90-c1be-4dc0-9d9d-0c4a86c19046,VB - LBK : 2024-5-15,2023,Superliga
VB,15,1073.55,100731.2,11949.3,4715.62,1823.58,598,294,282,22,fe441f90-c1be-4dc0-9d9d-0c4a86c19046,VB - LBK : 2024-5-15,2023,Superliga
BIF,14,1125.6666666666667,121846.09,19430.43,7375.96,2712.18,885,471,384,30,0a7dc6e7-8853-4ae8-bf3d-63c384958d89,BIF - FCN : 2024-5-15,2023,Superliga
FCN,16,1125.6666666666667,120906.88,19058.21,7135.17,2490.75,830,435,382,13,0a7dc6e7-8853-4ae8-bf3d-63c384958d89,BIF - FCN : 2024-5-15,2023,Superliga
AGF,15,1028.6833333333334,119145.42,16666.05,6139.28,2027.24,731,389,323,19,bd2fdb4e-b251-4021-b437-8e2a2423e38e,AGF - SIF : 2024-5-16,2023,Superliga
SIF,16,1028.6833333333334,117064.53,16212.02,5721.18,1664.04,649,311,321,17,bd2fdb4e-b251-4021-b437-8e2a2423e38e,AGF - SIF : 2024-5-16,2023,Superliga
HVI,16,1074.4666666666667,107573.49,15672.52,5909.89,1151.57,629,354,260,15,c3ad7f7f-f998-4a69-97ae-37cb1727f53a,HVI - OB : 2024-5-16,2023,Superliga
OB,16,1074.4666666666667,109593.5,15408.92,5369.63,1514.3799999999999,624,340,251,33,c3ad7f7f-f998-4a69-97ae-37cb1727f53a,HVI - OB : 2024-5-16,2023,Superliga
FCK,16,1157.85,122192.15,18720.96,7659.530000000001,1989.1,808,379,388,41,bbe63dd3-d244-474b-9e67-576e88b94153,FCK - FCM : 2024-5-16,2023,Superliga
FCM,16,1157.85,119492.43,17910.45,6637.72,2264.47,752,463,264,25,bbe63dd3-d244-474b-9e67-576e88b94153,FCK - FCM : 2024-5-16,2023,Superliga
OB,16,1068.3833333333334,112351.47,15863.67,6046.92,1546.22,702,436,243,23,1f01ce56-a28b-4a53-96a2-c9e353983006,OB - RFC : 2024-5-19,2023,Superliga
RFC,16,1068.3833333333334,108720.03,15651.41,5177.57,1436.26,574,289,277,8,1f01ce56-a28b-4a53-96a2-c9e353983006,OB - RFC : 2024-5-19,2023,Superliga
HVI,16,1041.1333333333334,105307.67,13087.369999999999,5151.94,1322.99,561,281,259,21,103150a6-984d-43cf-a1c6-f252f7580ce9,VB - HVI : 2024-5-20,2023,Superliga
VB,16,1041.1333333333334,102567.95,12536.03,4731.63,1677.06,641,359,253,29,103150a6-984d-43cf-a1c6-f252f7580ce9,VB - HVI : 2024-5-20,2023,Superliga
LBK,15,1101.7833333333333,104841.52,13709.310000000001,5051.12,1887.13,640,358,246,36,84ee8071-731d-4c76-82ba-4dfa3f383b77,LBK - VFF : 2024-5-20,2023,Superliga
VFF,16,1101.7833333333333,109678.02,16738.84,5369.88,1950.93,666,367,264,35,84ee8071-731d-4c76-82ba-4dfa3f383b77,LBK - VFF : 2024-5-20,2023,Superliga
BIF,15,1079.8333333333333,113782.13,15448.7,5099.7,1688.2,601,343,250,8,127bb4fb-4d12-4135-b44c-0cb6e64b03e7,SIF - BIF : 2024-5-20,2023,Superliga
SIF,16,1079.8333333333333,115714.92,15652.67,5580.75,1806.43,695,340,352,3,127bb4fb-4d12-4135-b44c-0cb6e64b03e7,SIF - BIF : 2024-5-20,2023,Superliga
FCM,16,1094.9666666666667,120602.72,18127.96,8063.98,3243.65,929,615,286,28,b2701d92-fc72-4d8d-a389-4bb498b76f3e,FCN - FCM : 2024-5-20,2023,Superliga
FCN,16,1094.9833333333333,121458.2,17981.71,7795.56,2657.88,815,336,460,19,b2701d92-fc72-4d8d-a389-4bb498b76f3e,FCN - FCM : 2024-5-20,2023,Superliga
AGF,14,1091.7,119935.51000000001,16879.42,6100.63,2203.28,738,428,299,11,92bf2c9a-d1ad-4bb7-9141-fa49fbc6a30a,AGF - FCK : 2024-5-21,2023,Superliga
FCK,16,1091.6833333333334,118102.31,18261.93,6702.26,2032.5,734,394,335,5,92bf2c9a-d1ad-4bb7-9141-fa49fbc6a30a,AGF - FCK : 2024-5-21,2023,Superliga
OB,16,1198.1833333333334,117944.20999999999,16157.58,5991.54,1268.36,644,395,239,10,a9f1e702-ec43-4b1c-9e56-a3dafb510864,VFF - OB : 2024-5-25,2023,Superliga
VFF,16,1198.2166666666667,115476.38,16124.98,5709.0,1505.74,649,324,312,13,a9f1e702-ec43-4b1c-9e56-a3dafb510864,VFF - OB : 2024-5-25,2023,Superliga
HVI,15,1056.85,107541.18000000001,15300.57,5570.38,1674.76,609,338,250,21,cb6ca385-e023-4597-9119-b3c2626ecf49,HVI - LBK : 2024-5-25,2023,Superliga
LBK,14,1056.8833333333334,105731.86,13533.18,5297.5,1887.12,604,326,261,17,cb6ca385-e023-4597-9119-b3c2626ecf49,HVI - LBK : 2024-5-25,2023,Superliga
RFC,15,1047.5333333333333,105501.74,13796.2,4755.21,1620.62,573,275,279,19,f713c8e1-c55f-4f60-9517-a3cb300080d4,RFC - VB : 2024-5-25,2023,Superliga
VB,16,1039.7,101857.12,12993.88,4963.01,1641.18,589,364,212,13,f713c8e1-c55f-4f60-9517-a3cb300080d4,RFC - VB : 2024-5-25,2023,Superliga
FCM,16,1146.7333333333333,118692.48,17864.6,6913.26,2158.16,761,459,286,16,6445efa3-e978-40b3-97ab-0a4aaf89bfbf,FCM - SIF : 2024-5-26,2023,Superliga
SIF,16,1146.7,119863.33,17723.62,6161.08,1867.38,690,302,381,7,6445efa3-e978-40b3-97ab-0a4aaf89bfbf,FCM - SIF : 2024-5-26,2023,Superliga
AGF,14,1098.3166666666666,118049.98999999999,17558.7,6292.33,2038.71,722,403,303,16,69266bec-eb1c-4dea-84c4-01a18518c365,BIF - AGF : 2024-5-26,2023,Superliga
BIF,14,1098.3,112660.18,16271.23,5993.05,2153.43,683,350,318,15,69266bec-eb1c-4dea-84c4-01a18518c365,BIF - AGF : 2024-5-26,2023,Superliga
FCK,16,1100.4833333333333,119242.84,17368.2,6146.8099999999995,1761.96,672,362,292,18,c2e0daa5-c2b2-44d3-a14e-a35650215b79,FCK - FCN : 2024-5-26,2023,Superliga
FCN,16,1100.4833333333333,121085.8,18032.45,6401.78,1726.8600000000001,655,382,259,14,c2e0daa5-c2b2-44d3-a14e-a35650215b79,FCK - FCN : 2024-5-26,2023,Superliga
FCK,14,1101.9666666666667,115526.64,16344.380000000001,6582.86,2435.69,754,360,375,19,e3020d12-64bd-4e9f-bb9d-a58c51141dae,FCK - RFC : 2024-5-31,2023,Superliga
RFC,16,1101.95,113566.44,16091.720000000001,5633.7,2302.25,702,416,257,29,e3020d12-64bd-4e9f-bb9d-a58c51141dae,FCK - RFC : 2024-5-31,2023,Superliga
